COMID,D50m_YOLO,CAT_BASIN_AREA,CAT_BASIN_SLOPE,CAT_ELEV_MEAN,CAT_ELEV_MIN,CAT_ELEV_MAX,CAT_STREAM_SLOPE,CAT_STREAM_LENGTH,TOT_BASIN_AREA,TOT_BASIN_SLOPE,TOT_ELEV_MEAN,TOT_ELEV_MIN,TOT_ELEV_MAX,TOT_STREAM_SLOPE,TOT_STREAM_LENGTH,sinuosity,CAT_RUN7100,TOT_RUN7100,CAT_PET,TOT_PET,CAT_PPT7100_ANN,TOT_PPT7100_ANN,CAT_AI,TOT_AI,CAT_TAV7100_ANN,TOT_TAV7100_ANN,CAT_KFACT,CAT_OM,CAT_PERMAVE,CAT_RFACT,CAT_BDAVE,TOT_KFACT,TOT_OM,TOT_PERMAVE,TOT_RFACT,TOT_BDAVE,CAT_SILTAVE,CAT_CLAYAVE,CAT_SANDAVE,TOT_SILTAVE,TOT_CLAYAVE,TOT_SANDAVE,urban,forest,wetland,agrc,shrub,turban,tforest,twetland,tagrc,tshrub,CAT_EVI_JAS_2012,TOT_EVI_JAS_2012,CAT_CONTACT,TOT_CONTACT,HydrlCondCat,HydrlCondWs,BANKFULL_WIDTH,BANKFULL_DEPTH,BANKFULL_XSEC_AREA,CAT_CWD,TOT_CWD,CAT_PRSNOW,TOT_PRSNOW,CAT_SATOF,TOT_SATOF,CAT_RF7100,TOT_RF7100,StreamOrde,Pathlength
23099678,0.020553011,53.62,2.42,235.52,195.85,607.2,0,6.925,13461.46,21.29,904.57,193.93,2488.35,0.035008,9985.24,1.14,158.83,503.16,725.68,545.32,202.06,783,3.591408493,0.696449553,11.27,6.96,0.43,0.93,1.66,37.62,1.34,0.37,0.93,2.24,378.15,1.27,56.23,18.97,24.81,48.59,18.24,33.18,11.99,0.02,2.36,65.77,16.43,4.93,32.89,1.71,13.45,40.41,0.32,0.24,251.28,150.43,14.47090131,17.87300878,91.53,2.73,266.3,1.83,1.83,23.73,45.87,0,0.56,3.76,37.82,7,622.469
23099844,0.017005788,0.33,34.43,352.17,287.17,531.58,0,0.708,8977.07,25.66,1030.18,287.17,2488.35,0.042324,6653.9,1.01,159,674.46,690.39,508.6,222.86,976.46,3.09786413,0.52086107,10.3,6,0.33,0.62,4.09,33.75,1.36,0.35,1.01,2.05,504.44,1.24,53.7,7.51,37.82,45.9,19.01,35.09,28.69,0,11.48,0,51.91,4.58,42.21,1.14,8.62,36.08,0.12,0.24,52,106.88,106.8191648,19.54352532,87.71,2.76,250.47,2.29,2.29,30,50.34,0,0.78,3.38,50.44,7,708.569
23099844,0.01546147,0.33,34.43,352.17,287.17,531.58,0,0.708,8977.07,25.66,1030.18,287.17,2488.35,0.042324,6653.9,1.01,159,674.46,690.39,508.6,222.86,976.46,3.09786413,0.52086107,10.3,6,0.33,0.62,4.09,33.75,1.36,0.35,1.01,2.05,504.44,1.24,53.7,7.51,37.82,45.9,19.01,35.09,28.69,0,11.48,0,51.91,4.58,42.21,1.14,8.62,36.08,0.12,0.24,52,106.88,106.8191648,19.54352532,87.71,2.76,250.47,2.29,2.29,30,50.34,0,0.78,3.38,50.44,7,708.569
23099884,0.01518375,5.69,17.29,364.46,287.17,601.37,0,4.581,430.08,20.92,1037.17,287.17,2126.63,0.041777,338.94,1.31,159,166.31,677.9,532.22,227.53,597.41,2.979387334,0.890878961,10.12,6.77,0.35,0.48,8.18,32.95,1.44,0.36,0.71,2.72,250.85,1.36,38.55,7.65,53.75,42.86,21.51,35.62,18.4,0,5.71,24.57,50.55,6,30.4,1.5,15.97,41.26,0.23,0.26,42.88,93.43,93.41365891,36.46801772,25.52,1.1,33.02,2.3,2.3,31.4,42.75,0,0.54,3.3,25.09,4,708.63
23099884,0.020579351,5.69,17.29,364.46,287.17,601.37,0,4.581,430.08,20.92,1037.17,287.17,2126.63,0.041777,338.94,1.31,159,166.31,677.9,532.22,227.53,597.41,2.979387334,0.890878961,10.12,6.77,0.35,0.48,8.18,32.95,1.44,0.36,0.71,2.72,250.85,1.36,38.55,7.65,53.75,42.86,21.51,35.62,18.4,0,5.71,24.57,50.55,6,30.4,1.5,15.97,41.26,0.23,0.26,42.88,93.43,93.41365891,36.46801772,25.52,1.1,33.02,2.3,2.3,31.4,42.75,0,0.54,3.3,25.09,4,708.63
23100020,0.031757131,4.54,0.48,214.76,205.27,271.24,0,6.928,1205.52,15.34,686.93,205.27,1824.17,0.022048,978.76,1.65,159,160.21,733.66,598.54,190.41,456.85,3.853053936,1.310145562,11.3,8.52,0.41,0.68,7.86,28,1.4,0.4,0.84,2.21,161.8,1.31,52.79,10.88,36.33,52.33,18.82,28.86,10.63,0,17.21,64.41,4.68,4.78,20.58,3.25,20.23,49.12,0.33,0.24,115.24,234.16,11.50761863,3.869671379,30.6,1.14,41.94,1.88,1.88,23.93,39.44,0,0.18,2.8,16.18,5,664.007
23100020,0.022061718,4.54,0.48,214.76,205.27,271.24,0,6.928,1205.52,15.34,686.93,205.27,1824.17,0.022048,978.76,1.65,159,160.21,733.66,598.54,190.41,456.85,3.853053936,1.310145562,11.3,8.52,0.41,0.68,7.86,28,1.4,0.4,0.84,2.21,161.8,1.31,52.79,10.88,36.33,52.33,18.82,28.86,10.63,0,17.21,64.41,4.68,4.78,20.58,3.25,20.23,49.12,0.33,0.24,115.24,234.16,11.50761863,3.869671379,30.6,1.14,41.94,1.88,1.88,23.93,39.44,0,0.18,2.8,16.18,5,664.007
23100020,0.022061718,4.54,0.48,214.76,205.27,271.24,0,6.928,1205.52,15.34,686.93,205.27,1824.17,0.022048,978.76,1.65,159,160.21,733.66,598.54,190.41,456.85,3.853053936,1.310145562,11.3,8.52,0.41,0.68,7.86,28,1.4,0.4,0.84,2.21,161.8,1.31,52.79,10.88,36.33,52.33,18.82,28.86,10.63,0,17.21,64.41,4.68,4.78,20.58,3.25,20.23,49.12,0.33,0.24,115.24,234.16,11.50761863,3.869671379,30.6,1.14,41.94,1.88,1.88,23.93,39.44,0,0.18,2.8,16.18,5,664.007
23100328,0.023066739,1.38,16.29,354.17,290.46,445.92,0.01,1.712,704.6,17,892.36,290.46,1773.05,0.017562,548.34,1.13,159,160.36,673.59,557.63,241.71,511.24,2.786769269,1.090740161,10.11,7.65,0.43,0.58,3.97,43.73,1.35,0.39,0.89,1.48,173.8,1.29,58.07,13.6,28.43,53.96,18.63,27.42,3.99,3.27,7.07,0,81.09,3.3,25.06,0.8,0.12,64.43,0.11,0.19,77.99,142.78,2.84952367,8.045587815,16.87,0.61,9.64,2.03,2.03,33.19,46.36,0,0,4.37,17.38,5,676.296
23100328,0.021524364,1.38,16.29,354.17,290.46,445.92,0.01,1.712,704.6,17,892.36,290.46,1773.05,0.017562,548.34,1.13,159,160.36,673.59,557.63,241.71,511.24,2.786769269,1.090740161,10.11,7.65,0.43,0.58,3.97,43.73,1.35,0.39,0.89,1.48,173.8,1.29,58.07,13.6,28.43,53.96,18.63,27.42,3.99,3.27,7.07,0,81.09,3.3,25.06,0.8,0.12,64.43,0.11,0.19,77.99,142.78,2.84952367,8.045587815,16.87,0.61,9.64,2.03,2.03,33.19,46.36,0,0,4.37,17.38,5,676.296
23100338,0.018157706,3.58,14.78,417.56,341.09,505.95,0.01,2.127,264.54,11.58,958.72,341.09,1773.05,0.010713,208.16,1.19,159,160.7,652.79,543.37,265.37,567.68,2.45992388,0.957176578,9.85,7.32,0.44,0.56,3.67,48,1.34,0.38,0.95,1.44,214.28,1.28,57.61,13.49,28.9,51.09,19.52,29.39,4.4,3.85,2.61,0,75.53,3.33,26.1,0.82,0.04,61.16,0.12,0.2,78.37,147.08,20.64631655,1.875285378,11.24,0.44,4.62,2.04,2.04,34.1,47.52,0,0,4.8,21.43,4,684.183
23100338,0.018140627,3.58,14.78,417.56,341.09,505.95,0.01,2.127,264.54,11.58,958.72,341.09,1773.05,0.010713,208.16,1.19,159,160.7,652.79,543.37,265.37,567.68,2.45992388,0.957176578,9.85,7.32,0.44,0.56,3.67,48,1.34,0.38,0.95,1.44,214.28,1.28,57.61,13.49,28.9,51.09,19.52,29.39,4.4,3.85,2.61,0,75.53,3.33,26.1,0.82,0.04,61.16,0.12,0.2,78.37,147.08,20.64631655,1.875285378,11.24,0.44,4.62,2.04,2.04,34.1,47.52,0,0,4.8,21.43,4,684.183
23100338,0.018157706,3.58,14.78,417.56,341.09,505.95,0.01,2.127,264.54,11.58,958.72,341.09,1773.05,0.010713,208.16,1.19,159,160.7,652.79,543.37,265.37,567.68,2.45992388,0.957176578,9.85,7.32,0.44,0.56,3.67,48,1.34,0.38,0.95,1.44,214.28,1.28,57.61,13.49,28.9,51.09,19.52,29.39,4.4,3.85,2.61,0,75.53,3.33,26.1,0.82,0.04,61.16,0.12,0.2,78.37,147.08,20.64631655,1.875285378,11.24,0.44,4.62,2.04,2.04,34.1,47.52,0,0,4.8,21.43,4,684.183
23100338,0.019904418,3.58,14.78,417.56,341.09,505.95,0.01,2.127,264.54,11.58,958.72,341.09,1773.05,0.010713,208.16,1.19,159,160.7,652.79,543.37,265.37,567.68,2.45992388,0.957176578,9.85,7.32,0.44,0.56,3.67,48,1.34,0.38,0.95,1.44,214.28,1.28,57.61,13.49,28.9,51.09,19.52,29.39,4.4,3.85,2.61,0,75.53,3.33,26.1,0.82,0.04,61.16,0.12,0.2,78.37,147.08,20.64631655,1.875285378,11.24,0.44,4.62,2.04,2.04,34.1,47.52,0,0,4.8,21.43,4,684.183
23100398,0.019141514,3.51,26.35,610.6,467.43,858.52,0.01,1.966,256.12,23.15,1001.71,467.43,1731.57,0.028478,180.84,1.07,159,160.99,591.76,531.79,391.25,562.65,1.512485623,0.945152404,8.57,7.02,0.39,0.82,1.15,79.46,1.29,0.38,1,1.19,202.51,1.29,61.7,16.54,21.75,54.01,20.06,25.94,5.85,1.82,1.08,0,90.55,3.89,41.26,0.63,0,52.24,0.13,0.25,96.13,177.33,0.475620002,1.907225565,11.09,0.43,4.51,2.05,2.05,43,50.82,0,0,7.95,20.25,4,698.491
23100398,0.019141514,3.51,26.35,610.6,467.43,858.52,0.01,1.966,256.12,23.15,1001.71,467.43,1731.57,0.028478,180.84,1.07,159,160.99,591.76,531.79,391.25,562.65,1.512485623,0.945152404,8.57,7.02,0.39,0.82,1.15,79.46,1.29,0.38,1,1.19,202.51,1.29,61.7,16.54,21.75,54.01,20.06,25.94,5.85,1.82,1.08,0,90.55,3.89,41.26,0.63,0,52.24,0.13,0.25,96.13,177.33,0.475620002,1.907225565,11.09,0.43,4.51,2.05,2.05,43,50.82,0,0,7.95,20.25,4,698.491
23100398,0.035442467,3.51,26.35,610.6,467.43,858.52,0.01,1.966,256.12,23.15,1001.71,467.43,1731.57,0.028478,180.84,1.07,159,160.99,591.76,531.79,391.25,562.65,1.512485623,0.945152404,8.57,7.02,0.39,0.82,1.15,79.46,1.29,0.38,1,1.19,202.51,1.29,61.7,16.54,21.75,54.01,20.06,25.94,5.85,1.82,1.08,0,90.55,3.89,41.26,0.63,0,52.24,0.13,0.25,96.13,177.33,0.475620002,1.907225565,11.09,0.43,4.51,2.05,2.05,43,50.82,0,0,7.95,20.25,4,698.491
23100398,0.020713774,3.51,26.35,610.6,467.43,858.52,0.01,1.966,256.12,23.15,1001.71,467.43,1731.57,0.028478,180.84,1.07,159,160.99,591.76,531.79,391.25,562.65,1.512485623,0.945152404,8.57,7.02,0.39,0.82,1.15,79.46,1.29,0.38,1,1.19,202.51,1.29,61.7,16.54,21.75,54.01,20.06,25.94,5.85,1.82,1.08,0,90.55,3.89,41.26,0.63,0,52.24,0.13,0.25,96.13,177.33,0.475620002,1.907225565,11.09,0.43,4.51,2.05,2.05,43,50.82,0,0,7.95,20.25,4,698.491
23100398,0.034937738,3.51,26.35,610.6,467.43,858.52,0.01,1.966,256.12,23.15,1001.71,467.43,1731.57,0.028478,180.84,1.07,159,160.99,591.76,531.79,391.25,562.65,1.512485623,0.945152404,8.57,7.02,0.39,0.82,1.15,79.46,1.29,0.38,1,1.19,202.51,1.29,61.7,16.54,21.75,54.01,20.06,25.94,5.85,1.82,1.08,0,90.55,3.89,41.26,0.63,0,52.24,0.13,0.25,96.13,177.33,0.475620002,1.907225565,11.09,0.43,4.51,2.05,2.05,43,50.82,0,0,7.95,20.25,4,698.491
23100398,0.020917135,3.51,26.35,610.6,467.43,858.52,0.01,1.966,256.12,23.15,1001.71,467.43,1731.57,0.028478,180.84,1.07,159,160.99,591.76,531.79,391.25,562.65,1.512485623,0.945152404,8.57,7.02,0.39,0.82,1.15,79.46,1.29,0.38,1,1.19,202.51,1.29,61.7,16.54,21.75,54.01,20.06,25.94,5.85,1.82,1.08,0,90.55,3.89,41.26,0.63,0,52.24,0.13,0.25,96.13,177.33,0.475620002,1.907225565,11.09,0.43,4.51,2.05,2.05,43,50.82,0,0,7.95,20.25,4,698.491
23100398,0.036314798,3.51,26.35,610.6,467.43,858.52,0.01,1.966,256.12,23.15,1001.71,467.43,1731.57,0.028478,180.84,1.07,159,160.99,591.76,531.79,391.25,562.65,1.512485623,0.945152404,8.57,7.02,0.39,0.82,1.15,79.46,1.29,0.38,1,1.19,202.51,1.29,61.7,16.54,21.75,54.01,20.06,25.94,5.85,1.82,1.08,0,90.55,3.89,41.26,0.63,0,52.24,0.13,0.25,96.13,177.33,0.475620002,1.907225565,11.09,0.43,4.51,2.05,2.05,43,50.82,0,0,7.95,20.25,4,698.491
23100404,0.02207239,2.59,31.56,739.32,559.65,1090.94,0.02,1.644,183.58,22.53,1032.11,559.65,1731.57,0.030454,132.33,1.14,159,161.91,552.21,523.14,459.91,587.31,1.20069144,0.890739133,7.71,6.79,0.46,1.05,1.43,157,1.33,0.37,1.02,1.22,228.74,1.3,71.08,14.44,14.48,53.19,20.12,26.71,11.93,43.1,1.08,0,43.55,4.33,48.28,0.63,0,44.13,0.26,0.27,139,185.83,0.475620002,0.486509141,9.66,0.39,3.51,2.09,2.09,53,51.77,0,0,15.7,22.87,4,705.901
23100404,0.035586287,2.59,31.56,739.32,559.65,1090.94,0.02,1.644,183.58,22.53,1032.11,559.65,1731.57,0.030454,132.33,1.14,159,161.91,552.21,523.14,459.91,587.31,1.20069144,0.890739133,7.71,6.79,0.46,1.05,1.43,157,1.33,0.37,1.02,1.22,228.74,1.3,71.08,14.44,14.48,53.19,20.12,26.71,11.93,43.1,1.08,0,43.55,4.33,48.28,0.63,0,44.13,0.26,0.27,139,185.83,0.475620002,0.486509141,9.66,0.39,3.51,2.09,2.09,53,51.77,0,0,15.7,22.87,4,705.901
23100404,0.029336159,2.59,31.56,739.32,559.65,1090.94,0.02,1.644,183.58,22.53,1032.11,559.65,1731.57,0.030454,132.33,1.14,159,161.91,552.21,523.14,459.91,587.31,1.20069144,0.890739133,7.71,6.79,0.46,1.05,1.43,157,1.33,0.37,1.02,1.22,228.74,1.3,71.08,14.44,14.48,53.19,20.12,26.71,11.93,43.1,1.08,0,43.55,4.33,48.28,0.63,0,44.13,0.26,0.27,139,185.83,0.475620002,0.486509141,9.66,0.39,3.51,2.09,2.09,53,51.77,0,0,15.7,22.87,4,705.901
23100404,0.029336159,2.59,31.56,739.32,559.65,1090.94,0.02,1.644,183.58,22.53,1032.11,559.65,1731.57,0.030454,132.33,1.14,159,161.91,552.21,523.14,459.91,587.31,1.20069144,0.890739133,7.71,6.79,0.46,1.05,1.43,157,1.33,0.37,1.02,1.22,228.74,1.3,71.08,14.44,14.48,53.19,20.12,26.71,11.93,43.1,1.08,0,43.55,4.33,48.28,0.63,0,44.13,0.26,0.27,139,185.83,0.475620002,0.486509141,9.66,0.39,3.51,2.09,2.09,53,51.77,0,0,15.7,22.87,4,705.901
23100428,0.045665357,6.56,30.37,803.19,592,999.26,0.02,3.112,97.09,28.6,1104.47,592,1731.57,0.038062,56.75,1.05,159,164.71,541.39,505.24,506.68,619.65,1.068504776,0.815363512,7.15,6.29,0.45,1.05,1.39,179.56,1.32,0.37,1.04,1.26,269.54,1.29,66.97,15.87,17.16,51.24,20.05,28.72,6.07,46.53,1.37,0,46.01,4.99,59.87,0.56,0,30.92,0.27,0.3,227.43,182.11,0.484840575,0.489689023,7.41,0.32,2.18,2.22,2.22,53,54.46,0,0,17.96,26.95,3,707.812
23100428,0.020661334,6.56,30.37,803.19,592,999.26,0.02,3.112,97.09,28.6,1104.47,592,1731.57,0.038062,56.75,1.05,159,164.71,541.39,505.24,506.68,619.65,1.068504776,0.815363512,7.15,6.29,0.45,1.05,1.39,179.56,1.32,0.37,1.04,1.26,269.54,1.29,66.97,15.87,17.16,51.24,20.05,28.72,6.07,46.53,1.37,0,46.01,4.99,59.87,0.56,0,30.92,0.27,0.3,227.43,182.11,0.484840575,0.489689023,7.41,0.32,2.18,2.22,2.22,53,54.46,0,0,17.96,26.95,3,707.812
23100428,0.020392003,6.56,30.37,803.19,592,999.26,0.02,3.112,97.09,28.6,1104.47,592,1731.57,0.038062,56.75,1.05,159,164.71,541.39,505.24,506.68,619.65,1.068504776,0.815363512,7.15,6.29,0.45,1.05,1.39,179.56,1.32,0.37,1.04,1.26,269.54,1.29,66.97,15.87,17.16,51.24,20.05,28.72,6.07,46.53,1.37,0,46.01,4.99,59.87,0.56,0,30.92,0.27,0.3,227.43,182.11,0.484840575,0.489689023,7.41,0.32,2.18,2.22,2.22,53,54.46,0,0,17.96,26.95,3,707.812
23100428,0.025739469,6.56,30.37,803.19,592,999.26,0.02,3.112,97.09,28.6,1104.47,592,1731.57,0.038062,56.75,1.05,159,164.71,541.39,505.24,506.68,619.65,1.068504776,0.815363512,7.15,6.29,0.45,1.05,1.39,179.56,1.32,0.37,1.04,1.26,269.54,1.29,66.97,15.87,17.16,51.24,20.05,28.72,6.07,46.53,1.37,0,46.01,4.99,59.87,0.56,0,30.92,0.27,0.3,227.43,182.11,0.484840575,0.489689023,7.41,0.32,2.18,2.22,2.22,53,54.46,0,0,17.96,26.95,3,707.812
23100434,0.027392638,5.58,38.29,872.22,674.33,1282.12,0.03,3.821,48.07,29.1,1252.15,674.33,1731.57,0.04654,24.71,1.03,159,164.35,522.46,482.43,561.76,671.17,0.930041299,0.718789576,6.87,5.65,0.36,0.99,1.21,218.12,1.31,0.35,1.05,1.29,328.48,1.26,49.51,20.5,29.97,48.71,20.21,31.09,7.23,50.54,0.98,0,32.05,6.05,69.19,0.52,0,19.81,0.31,0.33,201.95,128.03,0.493894678,0.499179329,5.54,0.25,1.28,2.23,2.23,53,56.81,0,0,21.81,32.85,2,712.214
23100434,0.035698077,5.58,38.29,872.22,674.33,1282.12,0.03,3.821,48.07,29.1,1252.15,674.33,1731.57,0.04654,24.71,1.03,159,164.35,522.46,482.43,561.76,671.17,0.930041299,0.718789576,6.87,5.65,0.36,0.99,1.21,218.12,1.31,0.35,1.05,1.29,328.48,1.26,49.51,20.5,29.97,48.71,20.21,31.09,7.23,50.54,0.98,0,32.05,6.05,69.19,0.52,0,19.81,0.31,0.33,201.95,128.03,0.493894678,0.499179329,5.54,0.25,1.28,2.23,2.23,53,56.81,0,0,21.81,32.85,2,712.214
23100434,0.022514405,5.58,38.29,872.22,674.33,1282.12,0.03,3.821,48.07,29.1,1252.15,674.33,1731.57,0.04654,24.71,1.03,159,164.35,522.46,482.43,561.76,671.17,0.930041299,0.718789576,6.87,5.65,0.36,0.99,1.21,218.12,1.31,0.35,1.05,1.29,328.48,1.26,49.51,20.5,29.97,48.71,20.21,31.09,7.23,50.54,0.98,0,32.05,6.05,69.19,0.52,0,19.81,0.31,0.33,201.95,128.03,0.493894678,0.499179329,5.54,0.25,1.28,2.23,2.23,53,56.81,0,0,21.81,32.85,2,712.214
23100434,0.03037849,5.58,38.29,872.22,674.33,1282.12,0.03,3.821,48.07,29.1,1252.15,674.33,1731.57,0.04654,24.71,1.03,159,164.35,522.46,482.43,561.76,671.17,0.930041299,0.718789576,6.87,5.65,0.36,0.99,1.21,218.12,1.31,0.35,1.05,1.29,328.48,1.26,49.51,20.5,29.97,48.71,20.21,31.09,7.23,50.54,0.98,0,32.05,6.05,69.19,0.52,0,19.81,0.31,0.33,201.95,128.03,0.493894678,0.499179329,5.54,0.25,1.28,2.23,2.23,53,56.81,0,0,21.81,32.85,2,712.214
23100434,0.021534419,5.58,38.29,872.22,674.33,1282.12,0.03,3.821,48.07,29.1,1252.15,674.33,1731.57,0.04654,24.71,1.03,159,164.35,522.46,482.43,561.76,671.17,0.930041299,0.718789576,6.87,5.65,0.36,0.99,1.21,218.12,1.31,0.35,1.05,1.29,328.48,1.26,49.51,20.5,29.97,48.71,20.21,31.09,7.23,50.54,0.98,0,32.05,6.05,69.19,0.52,0,19.81,0.31,0.33,201.95,128.03,0.493894678,0.499179329,5.54,0.25,1.28,2.23,2.23,53,56.81,0,0,21.81,32.85,2,712.214
23100434,0.030848738,5.58,38.29,872.22,674.33,1282.12,0.03,3.821,48.07,29.1,1252.15,674.33,1731.57,0.04654,24.71,1.03,159,164.35,522.46,482.43,561.76,671.17,0.930041299,0.718789576,6.87,5.65,0.36,0.99,1.21,218.12,1.31,0.35,1.05,1.29,328.48,1.26,49.51,20.5,29.97,48.71,20.21,31.09,7.23,50.54,0.98,0,32.05,6.05,69.19,0.52,0,19.81,0.31,0.33,201.95,128.03,0.493894678,0.499179329,5.54,0.25,1.28,2.23,2.23,53,56.81,0,0,21.81,32.85,2,712.214
23105314,0.027249922,1.33,33.9,791.5,659.47,987.66,0.03,1.286,19.8,24.57,960.62,659.47,1247.27,0.025741,17.87,1.03,159,159,532.8,527.1,523.69,574.08,1.017395788,0.918164716,7.17,6.96,0.43,1.05,1.43,193,1.33,0.37,1.09,1.19,227.97,1.32,69.89,15,15.51,52.21,21.19,26.63,4.69,25.8,1.7,0,67.82,3.11,35.77,0.49,0,58.72,0.28,0.25,260,236.17,0.475620002,0.483023625,3.83,0.19,0.66,2.22,2.22,53,51.55,0,0,19.3,22.8,2,711.304
23105314,0.02210198,1.33,33.9,791.5,659.47,987.66,0.03,1.286,19.8,24.57,960.62,659.47,1247.27,0.025741,17.87,1.03,159,159,532.8,527.1,523.69,574.08,1.017395788,0.918164716,7.17,6.96,0.43,1.05,1.43,193,1.33,0.37,1.09,1.19,227.97,1.32,69.89,15,15.51,52.21,21.19,26.63,4.69,25.8,1.7,0,67.82,3.11,35.77,0.49,0,58.72,0.28,0.25,260,236.17,0.475620002,0.483023625,3.83,0.19,0.66,2.22,2.22,53,51.55,0,0,19.3,22.8,2,711.304
23105314,0.027547443,1.33,33.9,791.5,659.47,987.66,0.03,1.286,19.8,24.57,960.62,659.47,1247.27,0.025741,17.87,1.03,159,159,532.8,527.1,523.69,574.08,1.017395788,0.918164716,7.17,6.96,0.43,1.05,1.43,193,1.33,0.37,1.09,1.19,227.97,1.32,69.89,15,15.51,52.21,21.19,26.63,4.69,25.8,1.7,0,67.82,3.11,35.77,0.49,0,58.72,0.28,0.25,260,236.17,0.475620002,0.483023625,3.83,0.19,0.66,2.22,2.22,53,51.55,0,0,19.3,22.8,2,711.304
23105314,0.022694039,1.33,33.9,791.5,659.47,987.66,0.03,1.286,19.8,24.57,960.62,659.47,1247.27,0.025741,17.87,1.03,159,159,532.8,527.1,523.69,574.08,1.017395788,0.918164716,7.17,6.96,0.43,1.05,1.43,193,1.33,0.37,1.09,1.19,227.97,1.32,69.89,15,15.51,52.21,21.19,26.63,4.69,25.8,1.7,0,67.82,3.11,35.77,0.49,0,58.72,0.28,0.25,260,236.17,0.475620002,0.483023625,3.83,0.19,0.66,2.22,2.22,53,51.55,0,0,19.3,22.8,2,711.304
23107212,0.011660463,3.86,17.08,262.39,143.84,585.93,0.01,1.116,76.33,10.15,346.07,143.84,585.93,0.009804,20.4,1.09,154.3,157,730.07,735.23,226.33,233.62,3.225688154,3.147119253,11.31,11.35,0.58,0.55,1.3,27.09,1.36,0.56,0.66,1.3,29.46,1.35,73.4,9.81,16.78,74.08,9.26,16.66,20.67,0,0,5.6,73.1,5.81,0.05,0,57.21,36.31,0.15,0.18,272.21,272.62,9.469425293,23.56671916,6.71,0.29,1.82,1.77,1.77,25,25.3,0,0,2.71,2.95,2,579.908
23107212,0.011798742,3.86,17.08,262.39,143.84,585.93,0.01,1.116,76.33,10.15,346.07,143.84,585.93,0.009804,20.4,1.09,154.3,157,730.07,735.23,226.33,233.62,3.225688154,3.147119253,11.31,11.35,0.58,0.55,1.3,27.09,1.36,0.56,0.66,1.3,29.46,1.35,73.4,9.81,16.78,74.08,9.26,16.66,20.67,0,0,5.6,73.1,5.81,0.05,0,57.21,36.31,0.15,0.18,272.21,272.62,9.469425293,23.56671916,6.71,0.29,1.82,1.77,1.77,25,25.3,0,0,2.71,2.95,2,579.908
23107212,0.012847531,3.86,17.08,262.39,143.84,585.93,0.01,1.116,76.33,10.15,346.07,143.84,585.93,0.009804,20.4,1.09,154.3,157,730.07,735.23,226.33,233.62,3.225688154,3.147119253,11.31,11.35,0.58,0.55,1.3,27.09,1.36,0.56,0.66,1.3,29.46,1.35,73.4,9.81,16.78,74.08,9.26,16.66,20.67,0,0,5.6,73.1,5.81,0.05,0,57.21,36.31,0.15,0.18,272.21,272.62,9.469425293,23.56671916,6.71,0.29,1.82,1.77,1.77,25,25.3,0,0,2.71,2.95,2,579.908
24125633,0.012105343,1.57,7.78,705.59,669.95,806.51,0.01,1.712,245.93,40.54,1209.26,669.95,2241.46,0.0467,202.57,1.04,541,544.36,538.98,450.17,872.27,1225.87,0.617905006,0.36722491,6.91,4.14,0.35,0.57,1.38,380.93,1.32,0.33,0.68,1.76,579.57,1.2,46.01,20.02,33.96,47.26,15.74,37,8.43,29.49,4.88,2.41,25.87,1.94,66.51,0.43,0.09,17.08,0.3,0.26,20.06,9.76,47.27211458,2.923480704,24.82,1.16,31.51,2.63,2.63,48.25,60.98,0,1.21,38.09,57.96,4,836.012
24125633,0.012916703,1.57,7.78,705.59,669.95,806.51,0.01,1.712,245.93,40.54,1209.26,669.95,2241.46,0.0467,202.57,1.04,541,544.36,538.98,450.17,872.27,1225.87,0.617905006,0.36722491,6.91,4.14,0.35,0.57,1.38,380.93,1.32,0.33,0.68,1.76,579.57,1.2,46.01,20.02,33.96,47.26,15.74,37,8.43,29.49,4.88,2.41,25.87,1.94,66.51,0.43,0.09,17.08,0.3,0.26,20.06,9.76,47.27211458,2.923480704,24.82,1.16,31.51,2.63,2.63,48.25,60.98,0,1.21,38.09,57.96,4,836.012
24125633,0.012788051,1.57,7.78,705.59,669.95,806.51,0.01,1.712,245.93,40.54,1209.26,669.95,2241.46,0.0467,202.57,1.04,541,544.36,538.98,450.17,872.27,1225.87,0.617905006,0.36722491,6.91,4.14,0.35,0.57,1.38,380.93,1.32,0.33,0.68,1.76,579.57,1.2,46.01,20.02,33.96,47.26,15.74,37,8.43,29.49,4.88,2.41,25.87,1.94,66.51,0.43,0.09,17.08,0.3,0.26,20.06,9.76,47.27211458,2.923480704,24.82,1.16,31.51,2.63,2.63,48.25,60.98,0,1.21,38.09,57.96,4,836.012
24125699,0.013225585,8.11,12.52,785.59,685.13,1016.59,0.02,6.985,77.73,45.39,1266.49,685.13,1951.5,0.057011,62.97,1.15,541,541,524.37,437.29,1017.11,1481.44,0.515548957,0.295179015,6.55,3.84,0.35,0.57,1.38,534.95,1.32,0.32,0.66,1.97,768.38,1.13,46.01,20.02,33.96,48.02,13.5,38.49,5.74,44.97,1.17,0,36.09,1,69.18,0.6,0,15.54,0.3,0.24,17.48,8.71,54.10820226,5.810910078,15.68,0.83,14.86,2.64,2.64,49.62,59.26,0.52,1.04,53.5,76.84,3,837.854
24125699,0.033116753,8.11,12.52,785.59,685.13,1016.59,0.02,6.985,77.73,45.39,1266.49,685.13,1951.5,0.057011,62.97,1.15,541,541,524.37,437.29,1017.11,1481.44,0.515548957,0.295179015,6.55,3.84,0.35,0.57,1.38,534.95,1.32,0.32,0.66,1.97,768.38,1.13,46.01,20.02,33.96,48.02,13.5,38.49,5.74,44.97,1.17,0,36.09,1,69.18,0.6,0,15.54,0.3,0.24,17.48,8.71,54.10820226,5.810910078,15.68,0.83,14.86,2.64,2.64,49.62,59.26,0.52,1.04,53.5,76.84,3,837.854
24125699,0.053912263,8.11,12.52,785.59,685.13,1016.59,0.02,6.985,77.73,45.39,1266.49,685.13,1951.5,0.057011,62.97,1.15,541,541,524.37,437.29,1017.11,1481.44,0.515548957,0.295179015,6.55,3.84,0.35,0.57,1.38,534.95,1.32,0.32,0.66,1.97,768.38,1.13,46.01,20.02,33.96,48.02,13.5,38.49,5.74,44.97,1.17,0,36.09,1,69.18,0.6,0,15.54,0.3,0.24,17.48,8.71,54.10820226,5.810910078,15.68,0.83,14.86,2.64,2.64,49.62,59.26,0.52,1.04,53.5,76.84,3,837.854
24125699,0.018871472,8.11,12.52,785.59,685.13,1016.59,0.02,6.985,77.73,45.39,1266.49,685.13,1951.5,0.057011,62.97,1.15,541,541,524.37,437.29,1017.11,1481.44,0.515548957,0.295179015,6.55,3.84,0.35,0.57,1.38,534.95,1.32,0.32,0.66,1.97,768.38,1.13,46.01,20.02,33.96,48.02,13.5,38.49,5.74,44.97,1.17,0,36.09,1,69.18,0.6,0,15.54,0.3,0.24,17.48,8.71,54.10820226,5.810910078,15.68,0.83,14.86,2.64,2.64,49.62,59.26,0.52,1.04,53.5,76.84,3,837.854
24125729,0.021129621,2.91,11.95,749.45,691.91,843.01,0.01,2.067,93.22,35.75,1085.34,691.91,1964.9,0.046665,87.86,1.18,541,541,535.75,478.3,945.05,1363.52,0.566901222,0.350783267,6.7,5.14,0.35,0.57,1.38,488.92,1.32,0.33,0.63,1.72,678.92,1.21,46.01,20.02,33.96,47.17,16.26,36.57,4.63,29.21,1.64,0,49.81,1.67,67.27,1.23,0,18.72,0.32,0.27,15.09,16.47,60.46713175,4.866584366,16.85,0.87,16.73,2.63,2.63,49.03,55.71,0.34,1.02,48.89,67.89,3,838.371
24125729,0.027517364,2.91,11.95,749.45,691.91,843.01,0.01,2.067,93.22,35.75,1085.34,691.91,1964.9,0.046665,87.86,1.18,541,541,535.75,478.3,945.05,1363.52,0.566901222,0.350783267,6.7,5.14,0.35,0.57,1.38,488.92,1.32,0.33,0.63,1.72,678.92,1.21,46.01,20.02,33.96,47.17,16.26,36.57,4.63,29.21,1.64,0,49.81,1.67,67.27,1.23,0,18.72,0.32,0.27,15.09,16.47,60.46713175,4.866584366,16.85,0.87,16.73,2.63,2.63,49.03,55.71,0.34,1.02,48.89,67.89,3,838.371
24125729,0.037080639,2.91,11.95,749.45,691.91,843.01,0.01,2.067,93.22,35.75,1085.34,691.91,1964.9,0.046665,87.86,1.18,541,541,535.75,478.3,945.05,1363.52,0.566901222,0.350783267,6.7,5.14,0.35,0.57,1.38,488.92,1.32,0.33,0.63,1.72,678.92,1.21,46.01,20.02,33.96,47.17,16.26,36.57,4.63,29.21,1.64,0,49.81,1.67,67.27,1.23,0,18.72,0.32,0.27,15.09,16.47,60.46713175,4.866584366,16.85,0.87,16.73,2.63,2.63,49.03,55.71,0.34,1.02,48.89,67.89,3,838.371
24125729,0.04601652,2.91,11.95,749.45,691.91,843.01,0.01,2.067,93.22,35.75,1085.34,691.91,1964.9,0.046665,87.86,1.18,541,541,535.75,478.3,945.05,1363.52,0.566901222,0.350783267,6.7,5.14,0.35,0.57,1.38,488.92,1.32,0.33,0.63,1.72,678.92,1.21,46.01,20.02,33.96,47.17,16.26,36.57,4.63,29.21,1.64,0,49.81,1.67,67.27,1.23,0,18.72,0.32,0.27,15.09,16.47,60.46713175,4.866584366,16.85,0.87,16.73,2.63,2.63,49.03,55.71,0.34,1.02,48.89,67.89,3,838.371
24125729,0.022955296,2.91,11.95,749.45,691.91,843.01,0.01,2.067,93.22,35.75,1085.34,691.91,1964.9,0.046665,87.86,1.18,541,541,535.75,478.3,945.05,1363.52,0.566901222,0.350783267,6.7,5.14,0.35,0.57,1.38,488.92,1.32,0.33,0.63,1.72,678.92,1.21,46.01,20.02,33.96,47.17,16.26,36.57,4.63,29.21,1.64,0,49.81,1.67,67.27,1.23,0,18.72,0.32,0.27,15.09,16.47,60.46713175,4.866584366,16.85,0.87,16.73,2.63,2.63,49.03,55.71,0.34,1.02,48.89,67.89,3,838.371
24125769,0.043806149,0.71,7.96,576.18,552.23,648,0,1.174,1359.85,36.7,1120.04,552.23,2421.81,0.061564,983.69,1.25,541,550.21,559,456.47,588.08,1928.5,0.950550945,0.236696915,7.42,4.54,0.29,1.07,9.14,223.21,1.39,0.31,1.37,2.33,1258.76,1.09,46.74,7.74,45.53,45.59,12.45,41.97,5.82,38.87,10.38,0,23.54,4.46,61.08,1.87,1.53,18.27,0.3,0.31,56.93,16.7,109.780426,16.51793044,49.11,1.92,96.06,2.6,2.6,45,58.99,1,1.83,22.32,125.88,6,818.367
24125769,0.025206729,0.71,7.96,576.18,552.23,648,0,1.174,1359.85,36.7,1120.04,552.23,2421.81,0.061564,983.69,1.25,541,550.21,559,456.47,588.08,1928.5,0.950550945,0.236696915,7.42,4.54,0.29,1.07,9.14,223.21,1.39,0.31,1.37,2.33,1258.76,1.09,46.74,7.74,45.53,45.59,12.45,41.97,5.82,38.87,10.38,0,23.54,4.46,61.08,1.87,1.53,18.27,0.3,0.31,56.93,16.7,109.780426,16.51793044,49.11,1.92,96.06,2.6,2.6,45,58.99,1,1.83,22.32,125.88,6,818.367
24125769,0.018831414,0.71,7.96,576.18,552.23,648,0,1.174,1359.85,36.7,1120.04,552.23,2421.81,0.061564,983.69,1.25,541,550.21,559,456.47,588.08,1928.5,0.950550945,0.236696915,7.42,4.54,0.29,1.07,9.14,223.21,1.39,0.31,1.37,2.33,1258.76,1.09,46.74,7.74,45.53,45.59,12.45,41.97,5.82,38.87,10.38,0,23.54,4.46,61.08,1.87,1.53,18.27,0.3,0.31,56.93,16.7,109.780426,16.51793044,49.11,1.92,96.06,2.6,2.6,45,58.99,1,1.83,22.32,125.88,6,818.367
24125769,0.033953631,0.71,7.96,576.18,552.23,648,0,1.174,1359.85,36.7,1120.04,552.23,2421.81,0.061564,983.69,1.25,541,550.21,559,456.47,588.08,1928.5,0.950550945,0.236696915,7.42,4.54,0.29,1.07,9.14,223.21,1.39,0.31,1.37,2.33,1258.76,1.09,46.74,7.74,45.53,45.59,12.45,41.97,5.82,38.87,10.38,0,23.54,4.46,61.08,1.87,1.53,18.27,0.3,0.31,56.93,16.7,109.780426,16.51793044,49.11,1.92,96.06,2.6,2.6,45,58.99,1,1.83,22.32,125.88,6,818.367
24125769,0.022044756,0.71,7.96,576.18,552.23,648,0,1.174,1359.85,36.7,1120.04,552.23,2421.81,0.061564,983.69,1.25,541,550.21,559,456.47,588.08,1928.5,0.950550945,0.236696915,7.42,4.54,0.29,1.07,9.14,223.21,1.39,0.31,1.37,2.33,1258.76,1.09,46.74,7.74,45.53,45.59,12.45,41.97,5.82,38.87,10.38,0,23.54,4.46,61.08,1.87,1.53,18.27,0.3,0.31,56.93,16.7,109.780426,16.51793044,49.11,1.92,96.06,2.6,2.6,45,58.99,1,1.83,22.32,125.88,6,818.367
24125769,0.055797106,0.71,7.96,576.18,552.23,648,0,1.174,1359.85,36.7,1120.04,552.23,2421.81,0.061564,983.69,1.25,541,550.21,559,456.47,588.08,1928.5,0.950550945,0.236696915,7.42,4.54,0.29,1.07,9.14,223.21,1.39,0.31,1.37,2.33,1258.76,1.09,46.74,7.74,45.53,45.59,12.45,41.97,5.82,38.87,10.38,0,23.54,4.46,61.08,1.87,1.53,18.27,0.3,0.31,56.93,16.7,109.780426,16.51793044,49.11,1.92,96.06,2.6,2.6,45,58.99,1,1.83,22.32,125.88,6,818.367
24125789,0.013268397,14.76,21.99,822.87,572.66,1321.9,0,0.92,1329.98,37.22,1129.26,572.25,2421.81,0.062353,970.6,1.02,541,550.42,533.39,454.57,847.65,1955.38,0.629257359,0.232471438,6.81,4.48,0.34,0.73,1.55,344.87,1.31,0.31,1.38,2.32,1280.78,1.09,46.65,22.81,30.54,45.57,12.26,42.17,7.57,40.96,0.64,28.64,15.39,4.3,61.58,1.84,1.09,18.26,0.32,0.31,133.8,14.85,60.20184022,15.44210139,48.68,1.91,94.68,2.57,2.57,47.37,59.29,1,1.85,34.49,128.08,6,825.934
24125789,0.0127792,14.76,21.99,822.87,572.66,1321.9,0,0.92,1329.98,37.22,1129.26,572.25,2421.81,0.062353,970.6,1.02,541,550.42,533.39,454.57,847.65,1955.38,0.629257359,0.232471438,6.81,4.48,0.34,0.73,1.55,344.87,1.31,0.31,1.38,2.32,1280.78,1.09,46.65,22.81,30.54,45.57,12.26,42.17,7.57,40.96,0.64,28.64,15.39,4.3,61.58,1.84,1.09,18.26,0.32,0.31,133.8,14.85,60.20184022,15.44210139,48.68,1.91,94.68,2.57,2.57,47.37,59.29,1,1.85,34.49,128.08,6,825.934
24125789,0.02077466,14.76,21.99,822.87,572.66,1321.9,0,0.92,1329.98,37.22,1129.26,572.25,2421.81,0.062353,970.6,1.02,541,550.42,533.39,454.57,847.65,1955.38,0.629257359,0.232471438,6.81,4.48,0.34,0.73,1.55,344.87,1.31,0.31,1.38,2.32,1280.78,1.09,46.65,22.81,30.54,45.57,12.26,42.17,7.57,40.96,0.64,28.64,15.39,4.3,61.58,1.84,1.09,18.26,0.32,0.31,133.8,14.85,60.20184022,15.44210139,48.68,1.91,94.68,2.57,2.57,47.37,59.29,1,1.85,34.49,128.08,6,825.934
24125789,0.015404561,14.76,21.99,822.87,572.66,1321.9,0,0.92,1329.98,37.22,1129.26,572.25,2421.81,0.062353,970.6,1.02,541,550.42,533.39,454.57,847.65,1955.38,0.629257359,0.232471438,6.81,4.48,0.34,0.73,1.55,344.87,1.31,0.31,1.38,2.32,1280.78,1.09,46.65,22.81,30.54,45.57,12.26,42.17,7.57,40.96,0.64,28.64,15.39,4.3,61.58,1.84,1.09,18.26,0.32,0.31,133.8,14.85,60.20184022,15.44210139,48.68,1.91,94.68,2.57,2.57,47.37,59.29,1,1.85,34.49,128.08,6,825.934
24125811,0.016235602,5.81,11.91,666.02,599.81,820.82,0,3.347,571.72,41.43,1257.87,599.81,2421.81,0.074007,461.31,1.25,541,549.11,550.3,434.69,727.2,1853.74,0.756738174,0.23449351,7.24,3.73,0.29,0.35,2.8,351.35,1.31,0.31,1.35,2.28,1269.59,1.1,41.11,11.41,47.48,46.08,11.88,42.04,20.74,41.76,7.06,0,26.59,2.09,64.56,1.51,0.07,14.49,0.36,0.26,17.5,8.45,92.48943494,7.687861605,34.76,1.49,54.6,2.62,2.62,49.3,63.38,0.83,1.76,35.14,126.96,5,835.519
24125811,0.034626408,5.81,11.91,666.02,599.81,820.82,0,3.347,571.72,41.43,1257.87,599.81,2421.81,0.074007,461.31,1.25,541,549.11,550.3,434.69,727.2,1853.74,0.756738174,0.23449351,7.24,3.73,0.29,0.35,2.8,351.35,1.31,0.31,1.35,2.28,1269.59,1.1,41.11,11.41,47.48,46.08,11.88,42.04,20.74,41.76,7.06,0,26.59,2.09,64.56,1.51,0.07,14.49,0.36,0.26,17.5,8.45,92.48943494,7.687861605,34.76,1.49,54.6,2.62,2.62,49.3,63.38,0.83,1.76,35.14,126.96,5,835.519
24125811,0.021513444,5.81,11.91,666.02,599.81,820.82,0,3.347,571.72,41.43,1257.87,599.81,2421.81,0.074007,461.31,1.25,541,549.11,550.3,434.69,727.2,1853.74,0.756738174,0.23449351,7.24,3.73,0.29,0.35,2.8,351.35,1.31,0.31,1.35,2.28,1269.59,1.1,41.11,11.41,47.48,46.08,11.88,42.04,20.74,41.76,7.06,0,26.59,2.09,64.56,1.51,0.07,14.49,0.36,0.26,17.5,8.45,92.48943494,7.687861605,34.76,1.49,54.6,2.62,2.62,49.3,63.38,0.83,1.76,35.14,126.96,5,835.519
24125811,0.021026883,5.81,11.91,666.02,599.81,820.82,0,3.347,571.72,41.43,1257.87,599.81,2421.81,0.074007,461.31,1.25,541,549.11,550.3,434.69,727.2,1853.74,0.756738174,0.23449351,7.24,3.73,0.29,0.35,2.8,351.35,1.31,0.31,1.35,2.28,1269.59,1.1,41.11,11.41,47.48,46.08,11.88,42.04,20.74,41.76,7.06,0,26.59,2.09,64.56,1.51,0.07,14.49,0.36,0.26,17.5,8.45,92.48943494,7.687861605,34.76,1.49,54.6,2.62,2.62,49.3,63.38,0.83,1.76,35.14,126.96,5,835.519
24125811,0.017395781,5.81,11.91,666.02,599.81,820.82,0,3.347,571.72,41.43,1257.87,599.81,2421.81,0.074007,461.31,1.25,541,549.11,550.3,434.69,727.2,1853.74,0.756738174,0.23449351,7.24,3.73,0.29,0.35,2.8,351.35,1.31,0.31,1.35,2.28,1269.59,1.1,41.11,11.41,47.48,46.08,11.88,42.04,20.74,41.76,7.06,0,26.59,2.09,64.56,1.51,0.07,14.49,0.36,0.26,17.5,8.45,92.48943494,7.687861605,34.76,1.49,54.6,2.62,2.62,49.3,63.38,0.83,1.76,35.14,126.96,5,835.519
24125859,0.025574114,1.63,16.64,771.7,680.42,1021.49,0.01,0.947,429.57,45.95,1367.19,680.42,2421.81,0.085202,352.81,1.01,541,551.8,466.7,413.86,1434.21,2019.53,0.325405624,0.20492887,4.89,3.05,0.3,0.36,2.46,711.76,1.25,0.31,1.59,2.31,1439.54,1.07,42.73,11.86,45.41,46.17,11.57,42.26,10.84,55,2.54,0,27.53,0.75,68.63,1.21,0,12.37,0.26,0.25,8,6.38,0.009945,3.934432339,31.01,1.37,45.31,2.71,2.71,58.94,66.71,1,2.06,71.18,143.95,5,859.567
24125859,0.029679036,1.63,16.64,771.7,680.42,1021.49,0.01,0.947,429.57,45.95,1367.19,680.42,2421.81,0.085202,352.81,1.01,541,551.8,466.7,413.86,1434.21,2019.53,0.325405624,0.20492887,4.89,3.05,0.3,0.36,2.46,711.76,1.25,0.31,1.59,2.31,1439.54,1.07,42.73,11.86,45.41,46.17,11.57,42.26,10.84,55,2.54,0,27.53,0.75,68.63,1.21,0,12.37,0.26,0.25,8,6.38,0.009945,3.934432339,31.01,1.37,45.31,2.71,2.71,58.94,66.71,1,2.06,71.18,143.95,5,859.567
24125859,0.016446323,1.63,16.64,771.7,680.42,1021.49,0.01,0.947,429.57,45.95,1367.19,680.42,2421.81,0.085202,352.81,1.01,541,551.8,466.7,413.86,1434.21,2019.53,0.325405624,0.20492887,4.89,3.05,0.3,0.36,2.46,711.76,1.25,0.31,1.59,2.31,1439.54,1.07,42.73,11.86,45.41,46.17,11.57,42.26,10.84,55,2.54,0,27.53,0.75,68.63,1.21,0,12.37,0.26,0.25,8,6.38,0.009945,3.934432339,31.01,1.37,45.31,2.71,2.71,58.94,66.71,1,2.06,71.18,143.95,5,859.567
24125859,0.036775073,1.63,16.64,771.7,680.42,1021.49,0.01,0.947,429.57,45.95,1367.19,680.42,2421.81,0.085202,352.81,1.01,541,551.8,466.7,413.86,1434.21,2019.53,0.325405624,0.20492887,4.89,3.05,0.3,0.36,2.46,711.76,1.25,0.31,1.59,2.31,1439.54,1.07,42.73,11.86,45.41,46.17,11.57,42.26,10.84,55,2.54,0,27.53,0.75,68.63,1.21,0,12.37,0.26,0.25,8,6.38,0.009945,3.934432339,31.01,1.37,45.31,2.71,2.71,58.94,66.71,1,2.06,71.18,143.95,5,859.567
24125873,0.021708397,0.43,9.52,740.14,711.76,953.04,0.01,0.753,293.92,46.14,1424.85,711.76,2421.81,0.093768,241.98,1.1,541,555.67,456.86,406.14,1461.96,1950.72,0.31249829,0.208200049,4.66,2.74,0.32,0.87,2.51,562,1.16,0.31,1.6,2.31,1393.28,1.07,39.77,15.21,45.02,46.11,11.76,42.14,11.6,71.1,10.12,0,0,0.46,68.67,0.88,0,11.18,0.31,0.24,8,6.13,0.009945,2.768088485,26.65,1.22,35.38,2.72,2.72,64,68.54,2,2.1,56.2,139.33,5,864.369
24125873,0.020109269,0.43,9.52,740.14,711.76,953.04,0.01,0.753,293.92,46.14,1424.85,711.76,2421.81,0.093768,241.98,1.1,541,555.67,456.86,406.14,1461.96,1950.72,0.31249829,0.208200049,4.66,2.74,0.32,0.87,2.51,562,1.16,0.31,1.6,2.31,1393.28,1.07,39.77,15.21,45.02,46.11,11.76,42.14,11.6,71.1,10.12,0,0,0.46,68.67,0.88,0,11.18,0.31,0.24,8,6.13,0.009945,2.768088485,26.65,1.22,35.38,2.72,2.72,64,68.54,2,2.1,56.2,139.33,5,864.369
24125873,0.054565438,0.43,9.52,740.14,711.76,953.04,0.01,0.753,293.92,46.14,1424.85,711.76,2421.81,0.093768,241.98,1.1,541,555.67,456.86,406.14,1461.96,1950.72,0.31249829,0.208200049,4.66,2.74,0.32,0.87,2.51,562,1.16,0.31,1.6,2.31,1393.28,1.07,39.77,15.21,45.02,46.11,11.76,42.14,11.6,71.1,10.12,0,0,0.46,68.67,0.88,0,11.18,0.31,0.24,8,6.13,0.009945,2.768088485,26.65,1.22,35.38,2.72,2.72,64,68.54,2,2.1,56.2,139.33,5,864.369
24125873,0.023483996,0.43,9.52,740.14,711.76,953.04,0.01,0.753,293.92,46.14,1424.85,711.76,2421.81,0.093768,241.98,1.1,541,555.67,456.86,406.14,1461.96,1950.72,0.31249829,0.208200049,4.66,2.74,0.32,0.87,2.51,562,1.16,0.31,1.6,2.31,1393.28,1.07,39.77,15.21,45.02,46.11,11.76,42.14,11.6,71.1,10.12,0,0,0.46,68.67,0.88,0,11.18,0.31,0.24,8,6.13,0.009945,2.768088485,26.65,1.22,35.38,2.72,2.72,64,68.54,2,2.1,56.2,139.33,5,864.369
24125873,0.034107597,0.43,9.52,740.14,711.76,953.04,0.01,0.753,293.92,46.14,1424.85,711.76,2421.81,0.093768,241.98,1.1,541,555.67,456.86,406.14,1461.96,1950.72,0.31249829,0.208200049,4.66,2.74,0.32,0.87,2.51,562,1.16,0.31,1.6,2.31,1393.28,1.07,39.77,15.21,45.02,46.11,11.76,42.14,11.6,71.1,10.12,0,0,0.46,68.67,0.88,0,11.18,0.31,0.24,8,6.13,0.009945,2.768088485,26.65,1.22,35.38,2.72,2.72,64,68.54,2,2.1,56.2,139.33,5,864.369
24125873,0.017773406,0.43,9.52,740.14,711.76,953.04,0.01,0.753,293.92,46.14,1424.85,711.76,2421.81,0.093768,241.98,1.1,541,555.67,456.86,406.14,1461.96,1950.72,0.31249829,0.208200049,4.66,2.74,0.32,0.87,2.51,562,1.16,0.31,1.6,2.31,1393.28,1.07,39.77,15.21,45.02,46.11,11.76,42.14,11.6,71.1,10.12,0,0,0.46,68.67,0.88,0,11.18,0.31,0.24,8,6.13,0.009945,2.768088485,26.65,1.22,35.38,2.72,2.72,64,68.54,2,2.1,56.2,139.33,5,864.369
24125873,0.023788013,0.43,9.52,740.14,711.76,953.04,0.01,0.753,293.92,46.14,1424.85,711.76,2421.81,0.093768,241.98,1.1,541,555.67,456.86,406.14,1461.96,1950.72,0.31249829,0.208200049,4.66,2.74,0.32,0.87,2.51,562,1.16,0.31,1.6,2.31,1393.28,1.07,39.77,15.21,45.02,46.11,11.76,42.14,11.6,71.1,10.12,0,0,0.46,68.67,0.88,0,11.18,0.31,0.24,8,6.13,0.009945,2.768088485,26.65,1.22,35.38,2.72,2.72,64,68.54,2,2.1,56.2,139.33,5,864.369
24125873,0.018076067,0.43,9.52,740.14,711.76,953.04,0.01,0.753,293.92,46.14,1424.85,711.76,2421.81,0.093768,241.98,1.1,541,555.67,456.86,406.14,1461.96,1950.72,0.31249829,0.208200049,4.66,2.74,0.32,0.87,2.51,562,1.16,0.31,1.6,2.31,1393.28,1.07,39.77,15.21,45.02,46.11,11.76,42.14,11.6,71.1,10.12,0,0,0.46,68.67,0.88,0,11.18,0.31,0.24,8,6.13,0.009945,2.768088485,26.65,1.22,35.38,2.72,2.72,64,68.54,2,2.1,56.2,139.33,5,864.369
24125883,0.016144827,5.08,50.15,1112.25,764.66,1781.29,0.02,2.851,135.11,47.58,1475.27,764.66,2421.5,0.108994,116.52,1.19,541,551.34,433.65,394.46,1600.35,1872.53,0.270971975,0.210656171,3.82,2.34,0.32,1.44,2.41,898.33,1.07,0.31,1.39,2.27,1311.2,1.08,41.74,15.42,42.89,46.13,12.28,41.59,2.06,85.7,0,0,11.04,0.81,67.87,0.82,0,12.59,0.25,0.23,6,5.53,0.071556118,4.129711254,19.55,0.97,21.32,2.79,2.79,65.99,70.21,2,1.96,89.83,131.12,4,868.133
24125883,0.021206364,5.08,50.15,1112.25,764.66,1781.29,0.02,2.851,135.11,47.58,1475.27,764.66,2421.5,0.108994,116.52,1.19,541,551.34,433.65,394.46,1600.35,1872.53,0.270971975,0.210656171,3.82,2.34,0.32,1.44,2.41,898.33,1.07,0.31,1.39,2.27,1311.2,1.08,41.74,15.42,42.89,46.13,12.28,41.59,2.06,85.7,0,0,11.04,0.81,67.87,0.82,0,12.59,0.25,0.23,6,5.53,0.071556118,4.129711254,19.55,0.97,21.32,2.79,2.79,65.99,70.21,2,1.96,89.83,131.12,4,868.133
24125883,0.023409631,5.08,50.15,1112.25,764.66,1781.29,0.02,2.851,135.11,47.58,1475.27,764.66,2421.5,0.108994,116.52,1.19,541,551.34,433.65,394.46,1600.35,1872.53,0.270971975,0.210656171,3.82,2.34,0.32,1.44,2.41,898.33,1.07,0.31,1.39,2.27,1311.2,1.08,41.74,15.42,42.89,46.13,12.28,41.59,2.06,85.7,0,0,11.04,0.81,67.87,0.82,0,12.59,0.25,0.23,6,5.53,0.071556118,4.129711254,19.55,0.97,21.32,2.79,2.79,65.99,70.21,2,1.96,89.83,131.12,4,868.133
24125883,0.016294474,5.08,50.15,1112.25,764.66,1781.29,0.02,2.851,135.11,47.58,1475.27,764.66,2421.5,0.108994,116.52,1.19,541,551.34,433.65,394.46,1600.35,1872.53,0.270971975,0.210656171,3.82,2.34,0.32,1.44,2.41,898.33,1.07,0.31,1.39,2.27,1311.2,1.08,41.74,15.42,42.89,46.13,12.28,41.59,2.06,85.7,0,0,11.04,0.81,67.87,0.82,0,12.59,0.25,0.23,6,5.53,0.071556118,4.129711254,19.55,0.97,21.32,2.79,2.79,65.99,70.21,2,1.96,89.83,131.12,4,868.133
24125883,0.025728419,5.08,50.15,1112.25,764.66,1781.29,0.02,2.851,135.11,47.58,1475.27,764.66,2421.5,0.108994,116.52,1.19,541,551.34,433.65,394.46,1600.35,1872.53,0.270971975,0.210656171,3.82,2.34,0.32,1.44,2.41,898.33,1.07,0.31,1.39,2.27,1311.2,1.08,41.74,15.42,42.89,46.13,12.28,41.59,2.06,85.7,0,0,11.04,0.81,67.87,0.82,0,12.59,0.25,0.23,6,5.53,0.071556118,4.129711254,19.55,0.97,21.32,2.79,2.79,65.99,70.21,2,1.96,89.83,131.12,4,868.133
24125883,0.023637629,5.08,50.15,1112.25,764.66,1781.29,0.02,2.851,135.11,47.58,1475.27,764.66,2421.5,0.108994,116.52,1.19,541,551.34,433.65,394.46,1600.35,1872.53,0.270971975,0.210656171,3.82,2.34,0.32,1.44,2.41,898.33,1.07,0.31,1.39,2.27,1311.2,1.08,41.74,15.42,42.89,46.13,12.28,41.59,2.06,85.7,0,0,11.04,0.81,67.87,0.82,0,12.59,0.25,0.23,6,5.53,0.071556118,4.129711254,19.55,0.97,21.32,2.79,2.79,65.99,70.21,2,1.96,89.83,131.12,4,868.133
24125883,0.015694986,5.08,50.15,1112.25,764.66,1781.29,0.02,2.851,135.11,47.58,1475.27,764.66,2421.5,0.108994,116.52,1.19,541,551.34,433.65,394.46,1600.35,1872.53,0.270971975,0.210656171,3.82,2.34,0.32,1.44,2.41,898.33,1.07,0.31,1.39,2.27,1311.2,1.08,41.74,15.42,42.89,46.13,12.28,41.59,2.06,85.7,0,0,11.04,0.81,67.87,0.82,0,12.59,0.25,0.23,6,5.53,0.071556118,4.129711254,19.55,0.97,21.32,2.79,2.79,65.99,70.21,2,1.96,89.83,131.12,4,868.133
24125945,0.044853009,8.88,42.08,1088.03,766.42,1968.91,0.01,3.41,137.3,45.41,1403.09,766.42,2421.81,0.083294,105.77,1.05,541,562.21,442.04,413.85,1598.1,2081.84,0.276603467,0.198790493,3.9,3,0.3,2.05,2.38,729.02,1.01,0.31,1.88,2.36,1561.99,1.06,44.2,11.4,44.43,46.02,11.1,42.88,0,84.4,0.79,0,6.26,0,68.38,0.92,0,9.16,0.26,0.24,6,6.56,0.01099143,1.854873477,19.67,0.98,21.54,2.84,2.84,64,67.02,2,2.26,72.9,156.2,4,868.133
24125945,0.062875602,8.88,42.08,1088.03,766.42,1968.91,0.01,3.41,137.3,45.41,1403.09,766.42,2421.81,0.083294,105.77,1.05,541,562.21,442.04,413.85,1598.1,2081.84,0.276603467,0.198790493,3.9,3,0.3,2.05,2.38,729.02,1.01,0.31,1.88,2.36,1561.99,1.06,44.2,11.4,44.43,46.02,11.1,42.88,0,84.4,0.79,0,6.26,0,68.38,0.92,0,9.16,0.26,0.24,6,6.56,0.01099143,1.854873477,19.67,0.98,21.54,2.84,2.84,64,67.02,2,2.26,72.9,156.2,4,868.133
24125945,0.040645546,8.88,42.08,1088.03,766.42,1968.91,0.01,3.41,137.3,45.41,1403.09,766.42,2421.81,0.083294,105.77,1.05,541,562.21,442.04,413.85,1598.1,2081.84,0.276603467,0.198790493,3.9,3,0.3,2.05,2.38,729.02,1.01,0.31,1.88,2.36,1561.99,1.06,44.2,11.4,44.43,46.02,11.1,42.88,0,84.4,0.79,0,6.26,0,68.38,0.92,0,9.16,0.26,0.24,6,6.56,0.01099143,1.854873477,19.67,0.98,21.54,2.84,2.84,64,67.02,2,2.26,72.9,156.2,4,868.133
24125945,0.036050203,8.88,42.08,1088.03,766.42,1968.91,0.01,3.41,137.3,45.41,1403.09,766.42,2421.81,0.083294,105.77,1.05,541,562.21,442.04,413.85,1598.1,2081.84,0.276603467,0.198790493,3.9,3,0.3,2.05,2.38,729.02,1.01,0.31,1.88,2.36,1561.99,1.06,44.2,11.4,44.43,46.02,11.1,42.88,0,84.4,0.79,0,6.26,0,68.38,0.92,0,9.16,0.26,0.24,6,6.56,0.01099143,1.854873477,19.67,0.98,21.54,2.84,2.84,64,67.02,2,2.26,72.9,156.2,4,868.133
24125945,0.048631931,8.88,42.08,1088.03,766.42,1968.91,0.01,3.41,137.3,45.41,1403.09,766.42,2421.81,0.083294,105.77,1.05,541,562.21,442.04,413.85,1598.1,2081.84,0.276603467,0.198790493,3.9,3,0.3,2.05,2.38,729.02,1.01,0.31,1.88,2.36,1561.99,1.06,44.2,11.4,44.43,46.02,11.1,42.88,0,84.4,0.79,0,6.26,0,68.38,0.92,0,9.16,0.26,0.24,6,6.56,0.01099143,1.854873477,19.67,0.98,21.54,2.84,2.84,64,67.02,2,2.26,72.9,156.2,4,868.133
24125945,0.03313139,8.88,42.08,1088.03,766.42,1968.91,0.01,3.41,137.3,45.41,1403.09,766.42,2421.81,0.083294,105.77,1.05,541,562.21,442.04,413.85,1598.1,2081.84,0.276603467,0.198790493,3.9,3,0.3,2.05,2.38,729.02,1.01,0.31,1.88,2.36,1561.99,1.06,44.2,11.4,44.43,46.02,11.1,42.88,0,84.4,0.79,0,6.26,0,68.38,0.92,0,9.16,0.26,0.24,6,6.56,0.01099143,1.854873477,19.67,0.98,21.54,2.84,2.84,64,67.02,2,2.26,72.9,156.2,4,868.133
24125999,0.015471752,0.23,4.4,719.29,711.37,744.18,0.01,0.758,96.14,46.98,1269.46,711.37,2307.58,0.069168,79.95,1.26,541,544.4,457,423.61,1445,2367.53,0.316262976,0.178924871,4.7,3.45,0.32,1.25,2.44,562,1.06,0.31,1.92,2.36,1785.44,1.05,38.89,17.82,43.28,46.15,10.79,43.07,10,55,32.3,0,2.31,0.9,66.73,2.52,0,14.47,0.26,0.27,8,6.59,0.009945,9.154927339,17.06,0.88,17.07,2.72,2.72,64,63.38,2,2.25,56.2,178.54,3,864.369
24125999,0.014540539,0.23,4.4,719.29,711.37,744.18,0.01,0.758,96.14,46.98,1269.46,711.37,2307.58,0.069168,79.95,1.26,541,544.4,457,423.61,1445,2367.53,0.316262976,0.178924871,4.7,3.45,0.32,1.25,2.44,562,1.06,0.31,1.92,2.36,1785.44,1.05,38.89,17.82,43.28,46.15,10.79,43.07,10,55,32.3,0,2.31,0.9,66.73,2.52,0,14.47,0.26,0.27,8,6.59,0.009945,9.154927339,17.06,0.88,17.07,2.72,2.72,64,63.38,2,2.25,56.2,178.54,3,864.369
24125999,0.034458098,0.23,4.4,719.29,711.37,744.18,0.01,0.758,96.14,46.98,1269.46,711.37,2307.58,0.069168,79.95,1.26,541,544.4,457,423.61,1445,2367.53,0.316262976,0.178924871,4.7,3.45,0.32,1.25,2.44,562,1.06,0.31,1.92,2.36,1785.44,1.05,38.89,17.82,43.28,46.15,10.79,43.07,10,55,32.3,0,2.31,0.9,66.73,2.52,0,14.47,0.26,0.27,8,6.59,0.009945,9.154927339,17.06,0.88,17.07,2.72,2.72,64,63.38,2,2.25,56.2,178.54,3,864.369
24125999,0.036112302,0.23,4.4,719.29,711.37,744.18,0.01,0.758,96.14,46.98,1269.46,711.37,2307.58,0.069168,79.95,1.26,541,544.4,457,423.61,1445,2367.53,0.316262976,0.178924871,4.7,3.45,0.32,1.25,2.44,562,1.06,0.31,1.92,2.36,1785.44,1.05,38.89,17.82,43.28,46.15,10.79,43.07,10,55,32.3,0,2.31,0.9,66.73,2.52,0,14.47,0.26,0.27,8,6.59,0.009945,9.154927339,17.06,0.88,17.07,2.72,2.72,64,63.38,2,2.25,56.2,178.54,3,864.369
24125999,0.025747037,0.23,4.4,719.29,711.37,744.18,0.01,0.758,96.14,46.98,1269.46,711.37,2307.58,0.069168,79.95,1.26,541,544.4,457,423.61,1445,2367.53,0.316262976,0.178924871,4.7,3.45,0.32,1.25,2.44,562,1.06,0.31,1.92,2.36,1785.44,1.05,38.89,17.82,43.28,46.15,10.79,43.07,10,55,32.3,0,2.31,0.9,66.73,2.52,0,14.47,0.26,0.27,8,6.59,0.009945,9.154927339,17.06,0.88,17.07,2.72,2.72,64,63.38,2,2.25,56.2,178.54,3,864.369
24125999,0.022367015,0.23,4.4,719.29,711.37,744.18,0.01,0.758,96.14,46.98,1269.46,711.37,2307.58,0.069168,79.95,1.26,541,544.4,457,423.61,1445,2367.53,0.316262976,0.178924871,4.7,3.45,0.32,1.25,2.44,562,1.06,0.31,1.92,2.36,1785.44,1.05,38.89,17.82,43.28,46.15,10.79,43.07,10,55,32.3,0,2.31,0.9,66.73,2.52,0,14.47,0.26,0.27,8,6.59,0.009945,9.154927339,17.06,0.88,17.07,2.72,2.72,64,63.38,2,2.25,56.2,178.54,3,864.369
24125999,0.019331032,0.23,4.4,719.29,711.37,744.18,0.01,0.758,96.14,46.98,1269.46,711.37,2307.58,0.069168,79.95,1.26,541,544.4,457,423.61,1445,2367.53,0.316262976,0.178924871,4.7,3.45,0.32,1.25,2.44,562,1.06,0.31,1.92,2.36,1785.44,1.05,38.89,17.82,43.28,46.15,10.79,43.07,10,55,32.3,0,2.31,0.9,66.73,2.52,0,14.47,0.26,0.27,8,6.59,0.009945,9.154927339,17.06,0.88,17.07,2.72,2.72,64,63.38,2,2.25,56.2,178.54,3,864.369
24125999,0.015365991,0.23,4.4,719.29,711.37,744.18,0.01,0.758,96.14,46.98,1269.46,711.37,2307.58,0.069168,79.95,1.26,541,544.4,457,423.61,1445,2367.53,0.316262976,0.178924871,4.7,3.45,0.32,1.25,2.44,562,1.06,0.31,1.92,2.36,1785.44,1.05,38.89,17.82,43.28,46.15,10.79,43.07,10,55,32.3,0,2.31,0.9,66.73,2.52,0,14.47,0.26,0.27,8,6.59,0.009945,9.154927339,17.06,0.88,17.07,2.72,2.72,64,63.38,2,2.25,56.2,178.54,3,864.369
24125999,0.020994172,0.23,4.4,719.29,711.37,744.18,0.01,0.758,96.14,46.98,1269.46,711.37,2307.58,0.069168,79.95,1.26,541,544.4,457,423.61,1445,2367.53,0.316262976,0.178924871,4.7,3.45,0.32,1.25,2.44,562,1.06,0.31,1.92,2.36,1785.44,1.05,38.89,17.82,43.28,46.15,10.79,43.07,10,55,32.3,0,2.31,0.9,66.73,2.52,0,14.47,0.26,0.27,8,6.59,0.009945,9.154927339,17.06,0.88,17.07,2.72,2.72,64,63.38,2,2.25,56.2,178.54,3,864.369
24125999,0.021440451,0.23,4.4,719.29,711.37,744.18,0.01,0.758,96.14,46.98,1269.46,711.37,2307.58,0.069168,79.95,1.26,541,544.4,457,423.61,1445,2367.53,0.316262976,0.178924871,4.7,3.45,0.32,1.25,2.44,562,1.06,0.31,1.92,2.36,1785.44,1.05,38.89,17.82,43.28,46.15,10.79,43.07,10,55,32.3,0,2.31,0.9,66.73,2.52,0,14.47,0.26,0.27,8,6.59,0.009945,9.154927339,17.06,0.88,17.07,2.72,2.72,64,63.38,2,2.25,56.2,178.54,3,864.369
24126041,0.01523065,4.86,55.73,1126.09,691.28,1685.77,0.09,4.282,16.36,45.3,1318.18,691.28,1777.99,0.057309,12.04,1.17,541,541,452.34,433.46,1612.77,1908.49,0.280473967,0.227121966,4.53,4,0.31,0.59,2.11,961.81,1.1,0.31,1.09,2.17,1370.36,1.07,47.06,12.4,40.56,47.34,11.58,41.11,2.07,59.25,0.09,0,20.5,1.11,71.16,0.39,0,16.37,0.29,0.31,8,7.42,0.009945,0.035920587,8.42,0.52,5.38,2.72,2.72,59.21,59.68,1,0.81,96.18,137.04,2,861.116
24126041,0.021998008,4.86,55.73,1126.09,691.28,1685.77,0.09,4.282,16.36,45.3,1318.18,691.28,1777.99,0.057309,12.04,1.17,541,541,452.34,433.46,1612.77,1908.49,0.280473967,0.227121966,4.53,4,0.31,0.59,2.11,961.81,1.1,0.31,1.09,2.17,1370.36,1.07,47.06,12.4,40.56,47.34,11.58,41.11,2.07,59.25,0.09,0,20.5,1.11,71.16,0.39,0,16.37,0.29,0.31,8,7.42,0.009945,0.035920587,8.42,0.52,5.38,2.72,2.72,59.21,59.68,1,0.81,96.18,137.04,2,861.116
24126041,0.014782914,4.86,55.73,1126.09,691.28,1685.77,0.09,4.282,16.36,45.3,1318.18,691.28,1777.99,0.057309,12.04,1.17,541,541,452.34,433.46,1612.77,1908.49,0.280473967,0.227121966,4.53,4,0.31,0.59,2.11,961.81,1.1,0.31,1.09,2.17,1370.36,1.07,47.06,12.4,40.56,47.34,11.58,41.11,2.07,59.25,0.09,0,20.5,1.11,71.16,0.39,0,16.37,0.29,0.31,8,7.42,0.009945,0.035920587,8.42,0.52,5.38,2.72,2.72,59.21,59.68,1,0.81,96.18,137.04,2,861.116
24126041,0.039988636,4.86,55.73,1126.09,691.28,1685.77,0.09,4.282,16.36,45.3,1318.18,691.28,1777.99,0.057309,12.04,1.17,541,541,452.34,433.46,1612.77,1908.49,0.280473967,0.227121966,4.53,4,0.31,0.59,2.11,961.81,1.1,0.31,1.09,2.17,1370.36,1.07,47.06,12.4,40.56,47.34,11.58,41.11,2.07,59.25,0.09,0,20.5,1.11,71.16,0.39,0,16.37,0.29,0.31,8,7.42,0.009945,0.035920587,8.42,0.52,5.38,2.72,2.72,59.21,59.68,1,0.81,96.18,137.04,2,861.116
24126041,0.014201235,4.86,55.73,1126.09,691.28,1685.77,0.09,4.282,16.36,45.3,1318.18,691.28,1777.99,0.057309,12.04,1.17,541,541,452.34,433.46,1612.77,1908.49,0.280473967,0.227121966,4.53,4,0.31,0.59,2.11,961.81,1.1,0.31,1.09,2.17,1370.36,1.07,47.06,12.4,40.56,47.34,11.58,41.11,2.07,59.25,0.09,0,20.5,1.11,71.16,0.39,0,16.37,0.29,0.31,8,7.42,0.009945,0.035920587,8.42,0.52,5.38,2.72,2.72,59.21,59.68,1,0.81,96.18,137.04,2,861.116
24126041,0.045829932,4.86,55.73,1126.09,691.28,1685.77,0.09,4.282,16.36,45.3,1318.18,691.28,1777.99,0.057309,12.04,1.17,541,541,452.34,433.46,1612.77,1908.49,0.280473967,0.227121966,4.53,4,0.31,0.59,2.11,961.81,1.1,0.31,1.09,2.17,1370.36,1.07,47.06,12.4,40.56,47.34,11.58,41.11,2.07,59.25,0.09,0,20.5,1.11,71.16,0.39,0,16.37,0.29,0.31,8,7.42,0.009945,0.035920587,8.42,0.52,5.38,2.72,2.72,59.21,59.68,1,0.81,96.18,137.04,2,861.116
24126041,0.044063602,4.86,55.73,1126.09,691.28,1685.77,0.09,4.282,16.36,45.3,1318.18,691.28,1777.99,0.057309,12.04,1.17,541,541,452.34,433.46,1612.77,1908.49,0.280473967,0.227121966,4.53,4,0.31,0.59,2.11,961.81,1.1,0.31,1.09,2.17,1370.36,1.07,47.06,12.4,40.56,47.34,11.58,41.11,2.07,59.25,0.09,0,20.5,1.11,71.16,0.39,0,16.37,0.29,0.31,8,7.42,0.009945,0.035920587,8.42,0.52,5.38,2.72,2.72,59.21,59.68,1,0.81,96.18,137.04,2,861.116
24126041,0.022355255,4.86,55.73,1126.09,691.28,1685.77,0.09,4.282,16.36,45.3,1318.18,691.28,1777.99,0.057309,12.04,1.17,541,541,452.34,433.46,1612.77,1908.49,0.280473967,0.227121966,4.53,4,0.31,0.59,2.11,961.81,1.1,0.31,1.09,2.17,1370.36,1.07,47.06,12.4,40.56,47.34,11.58,41.11,2.07,59.25,0.09,0,20.5,1.11,71.16,0.39,0,16.37,0.29,0.31,8,7.42,0.009945,0.035920587,8.42,0.52,5.38,2.72,2.72,59.21,59.68,1,0.81,96.18,137.04,2,861.116
24126061,0.015818847,1.51,13.5,632.62,606.54,791.4,0,2.632,643.34,36.95,1076.05,606.54,2106.83,0.055573,443.56,1.56,541,553.26,536.14,458.46,747.9,2234.32,0.716860543,0.205189946,7.02,4.75,0.29,0.51,4.03,440.18,1.3,0.3,1.57,2.37,1447.31,1.05,43,10.68,46.26,45.04,11.81,43.16,30.23,51.94,0.95,4.53,9.12,4.26,61.92,1.88,1.06,21.08,0.37,0.34,8.41,11.29,104.2569255,14.79685779,36.43,1.54,58.97,2.7,2.7,53.11,57.1,0,2.12,44.02,144.73,5,840.384
24126061,0.027880861,1.51,13.5,632.62,606.54,791.4,0,2.632,643.34,36.95,1076.05,606.54,2106.83,0.055573,443.56,1.56,541,553.26,536.14,458.46,747.9,2234.32,0.716860543,0.205189946,7.02,4.75,0.29,0.51,4.03,440.18,1.3,0.3,1.57,2.37,1447.31,1.05,43,10.68,46.26,45.04,11.81,43.16,30.23,51.94,0.95,4.53,9.12,4.26,61.92,1.88,1.06,21.08,0.37,0.34,8.41,11.29,104.2569255,14.79685779,36.43,1.54,58.97,2.7,2.7,53.11,57.1,0,2.12,44.02,144.73,5,840.384
24126061,0.014482087,1.51,13.5,632.62,606.54,791.4,0,2.632,643.34,36.95,1076.05,606.54,2106.83,0.055573,443.56,1.56,541,553.26,536.14,458.46,747.9,2234.32,0.716860543,0.205189946,7.02,4.75,0.29,0.51,4.03,440.18,1.3,0.3,1.57,2.37,1447.31,1.05,43,10.68,46.26,45.04,11.81,43.16,30.23,51.94,0.95,4.53,9.12,4.26,61.92,1.88,1.06,21.08,0.37,0.34,8.41,11.29,104.2569255,14.79685779,36.43,1.54,58.97,2.7,2.7,53.11,57.1,0,2.12,44.02,144.73,5,840.384
24126061,0.028937224,1.51,13.5,632.62,606.54,791.4,0,2.632,643.34,36.95,1076.05,606.54,2106.83,0.055573,443.56,1.56,541,553.26,536.14,458.46,747.9,2234.32,0.716860543,0.205189946,7.02,4.75,0.29,0.51,4.03,440.18,1.3,0.3,1.57,2.37,1447.31,1.05,43,10.68,46.26,45.04,11.81,43.16,30.23,51.94,0.95,4.53,9.12,4.26,61.92,1.88,1.06,21.08,0.37,0.34,8.41,11.29,104.2569255,14.79685779,36.43,1.54,58.97,2.7,2.7,53.11,57.1,0,2.12,44.02,144.73,5,840.384
24126061,0.014936115,1.51,13.5,632.62,606.54,791.4,0,2.632,643.34,36.95,1076.05,606.54,2106.83,0.055573,443.56,1.56,541,553.26,536.14,458.46,747.9,2234.32,0.716860543,0.205189946,7.02,4.75,0.29,0.51,4.03,440.18,1.3,0.3,1.57,2.37,1447.31,1.05,43,10.68,46.26,45.04,11.81,43.16,30.23,51.94,0.95,4.53,9.12,4.26,61.92,1.88,1.06,21.08,0.37,0.34,8.41,11.29,104.2569255,14.79685779,36.43,1.54,58.97,2.7,2.7,53.11,57.1,0,2.12,44.02,144.73,5,840.384
24126061,0.016365374,1.51,13.5,632.62,606.54,791.4,0,2.632,643.34,36.95,1076.05,606.54,2106.83,0.055573,443.56,1.56,541,553.26,536.14,458.46,747.9,2234.32,0.716860543,0.205189946,7.02,4.75,0.29,0.51,4.03,440.18,1.3,0.3,1.57,2.37,1447.31,1.05,43,10.68,46.26,45.04,11.81,43.16,30.23,51.94,0.95,4.53,9.12,4.26,61.92,1.88,1.06,21.08,0.37,0.34,8.41,11.29,104.2569255,14.79685779,36.43,1.54,58.97,2.7,2.7,53.11,57.1,0,2.12,44.02,144.73,5,840.384
24126061,0.024954325,1.51,13.5,632.62,606.54,791.4,0,2.632,643.34,36.95,1076.05,606.54,2106.83,0.055573,443.56,1.56,541,553.26,536.14,458.46,747.9,2234.32,0.716860543,0.205189946,7.02,4.75,0.29,0.51,4.03,440.18,1.3,0.3,1.57,2.37,1447.31,1.05,43,10.68,46.26,45.04,11.81,43.16,30.23,51.94,0.95,4.53,9.12,4.26,61.92,1.88,1.06,21.08,0.37,0.34,8.41,11.29,104.2569255,14.79685779,36.43,1.54,58.97,2.7,2.7,53.11,57.1,0,2.12,44.02,144.73,5,840.384
24126061,0.011386016,1.51,13.5,632.62,606.54,791.4,0,2.632,643.34,36.95,1076.05,606.54,2106.83,0.055573,443.56,1.56,541,553.26,536.14,458.46,747.9,2234.32,0.716860543,0.205189946,7.02,4.75,0.29,0.51,4.03,440.18,1.3,0.3,1.57,2.37,1447.31,1.05,43,10.68,46.26,45.04,11.81,43.16,30.23,51.94,0.95,4.53,9.12,4.26,61.92,1.88,1.06,21.08,0.37,0.34,8.41,11.29,104.2569255,14.79685779,36.43,1.54,58.97,2.7,2.7,53.11,57.1,0,2.12,44.02,144.73,5,840.384
24126203,0.022565918,4.08,35.31,877.21,670.35,1424.38,0.02,3.53,76.32,39.97,1174.11,670.35,1674.1,0.033029,42.69,1.12,541,559.43,487.16,449.92,1723.24,2341.35,0.28270003,0.192162641,5.94,4.63,0.31,0.5,2.03,1039.03,1.08,0.29,2.21,2.34,1248.99,0.98,47.79,12.98,39.23,45.53,9.7,44.77,4.56,73.48,8.74,0,10.78,4.94,63.63,0.61,0,26.16,0.42,0.39,8.3,7.58,8.745016216,0.974842025,15.56,0.82,14.69,2.81,2.81,55.83,54.36,1,0.72,103.9,124.9,3,864.008
24126203,0.025463057,4.08,35.31,877.21,670.35,1424.38,0.02,3.53,76.32,39.97,1174.11,670.35,1674.1,0.033029,42.69,1.12,541,559.43,487.16,449.92,1723.24,2341.35,0.28270003,0.192162641,5.94,4.63,0.31,0.5,2.03,1039.03,1.08,0.29,2.21,2.34,1248.99,0.98,47.79,12.98,39.23,45.53,9.7,44.77,4.56,73.48,8.74,0,10.78,4.94,63.63,0.61,0,26.16,0.42,0.39,8.3,7.58,8.745016216,0.974842025,15.56,0.82,14.69,2.81,2.81,55.83,54.36,1,0.72,103.9,124.9,3,864.008
24126203,0.031100467,4.08,35.31,877.21,670.35,1424.38,0.02,3.53,76.32,39.97,1174.11,670.35,1674.1,0.033029,42.69,1.12,541,559.43,487.16,449.92,1723.24,2341.35,0.28270003,0.192162641,5.94,4.63,0.31,0.5,2.03,1039.03,1.08,0.29,2.21,2.34,1248.99,0.98,47.79,12.98,39.23,45.53,9.7,44.77,4.56,73.48,8.74,0,10.78,4.94,63.63,0.61,0,26.16,0.42,0.39,8.3,7.58,8.745016216,0.974842025,15.56,0.82,14.69,2.81,2.81,55.83,54.36,1,0.72,103.9,124.9,3,864.008
24126203,0.024582223,4.08,35.31,877.21,670.35,1424.38,0.02,3.53,76.32,39.97,1174.11,670.35,1674.1,0.033029,42.69,1.12,541,559.43,487.16,449.92,1723.24,2341.35,0.28270003,0.192162641,5.94,4.63,0.31,0.5,2.03,1039.03,1.08,0.29,2.21,2.34,1248.99,0.98,47.79,12.98,39.23,45.53,9.7,44.77,4.56,73.48,8.74,0,10.78,4.94,63.63,0.61,0,26.16,0.42,0.39,8.3,7.58,8.745016216,0.974842025,15.56,0.82,14.69,2.81,2.81,55.83,54.36,1,0.72,103.9,124.9,3,864.008
24126203,0.02895953,4.08,35.31,877.21,670.35,1424.38,0.02,3.53,76.32,39.97,1174.11,670.35,1674.1,0.033029,42.69,1.12,541,559.43,487.16,449.92,1723.24,2341.35,0.28270003,0.192162641,5.94,4.63,0.31,0.5,2.03,1039.03,1.08,0.29,2.21,2.34,1248.99,0.98,47.79,12.98,39.23,45.53,9.7,44.77,4.56,73.48,8.74,0,10.78,4.94,63.63,0.61,0,26.16,0.42,0.39,8.3,7.58,8.745016216,0.974842025,15.56,0.82,14.69,2.81,2.81,55.83,54.36,1,0.72,103.9,124.9,3,864.008
24126203,0.032109805,4.08,35.31,877.21,670.35,1424.38,0.02,3.53,76.32,39.97,1174.11,670.35,1674.1,0.033029,42.69,1.12,541,559.43,487.16,449.92,1723.24,2341.35,0.28270003,0.192162641,5.94,4.63,0.31,0.5,2.03,1039.03,1.08,0.29,2.21,2.34,1248.99,0.98,47.79,12.98,39.23,45.53,9.7,44.77,4.56,73.48,8.74,0,10.78,4.94,63.63,0.61,0,26.16,0.42,0.39,8.3,7.58,8.745016216,0.974842025,15.56,0.82,14.69,2.81,2.81,55.83,54.36,1,0.72,103.9,124.9,3,864.008
24126203,0.024498221,4.08,35.31,877.21,670.35,1424.38,0.02,3.53,76.32,39.97,1174.11,670.35,1674.1,0.033029,42.69,1.12,541,559.43,487.16,449.92,1723.24,2341.35,0.28270003,0.192162641,5.94,4.63,0.31,0.5,2.03,1039.03,1.08,0.29,2.21,2.34,1248.99,0.98,47.79,12.98,39.23,45.53,9.7,44.77,4.56,73.48,8.74,0,10.78,4.94,63.63,0.61,0,26.16,0.42,0.39,8.3,7.58,8.745016216,0.974842025,15.56,0.82,14.69,2.81,2.81,55.83,54.36,1,0.72,103.9,124.9,3,864.008
24126203,0.029827031,4.08,35.31,877.21,670.35,1424.38,0.02,3.53,76.32,39.97,1174.11,670.35,1674.1,0.033029,42.69,1.12,541,559.43,487.16,449.92,1723.24,2341.35,0.28270003,0.192162641,5.94,4.63,0.31,0.5,2.03,1039.03,1.08,0.29,2.21,2.34,1248.99,0.98,47.79,12.98,39.23,45.53,9.7,44.77,4.56,73.48,8.74,0,10.78,4.94,63.63,0.61,0,26.16,0.42,0.39,8.3,7.58,8.745016216,0.974842025,15.56,0.82,14.69,2.81,2.81,55.83,54.36,1,0.72,103.9,124.9,3,864.008
24126203,0.029657629,4.08,35.31,877.21,670.35,1424.38,0.02,3.53,76.32,39.97,1174.11,670.35,1674.1,0.033029,42.69,1.12,541,559.43,487.16,449.92,1723.24,2341.35,0.28270003,0.192162641,5.94,4.63,0.31,0.5,2.03,1039.03,1.08,0.29,2.21,2.34,1248.99,0.98,47.79,12.98,39.23,45.53,9.7,44.77,4.56,73.48,8.74,0,10.78,4.94,63.63,0.61,0,26.16,0.42,0.39,8.3,7.58,8.745016216,0.974842025,15.56,0.82,14.69,2.81,2.81,55.83,54.36,1,0.72,103.9,124.9,3,864.008
24126203,0.031245327,4.08,35.31,877.21,670.35,1424.38,0.02,3.53,76.32,39.97,1174.11,670.35,1674.1,0.033029,42.69,1.12,541,559.43,487.16,449.92,1723.24,2341.35,0.28270003,0.192162641,5.94,4.63,0.31,0.5,2.03,1039.03,1.08,0.29,2.21,2.34,1248.99,0.98,47.79,12.98,39.23,45.53,9.7,44.77,4.56,73.48,8.74,0,10.78,4.94,63.63,0.61,0,26.16,0.42,0.39,8.3,7.58,8.745016216,0.974842025,15.56,0.82,14.69,2.81,2.81,55.83,54.36,1,0.72,103.9,124.9,3,864.008
24126203,0.038751231,4.08,35.31,877.21,670.35,1424.38,0.02,3.53,76.32,39.97,1174.11,670.35,1674.1,0.033029,42.69,1.12,541,559.43,487.16,449.92,1723.24,2341.35,0.28270003,0.192162641,5.94,4.63,0.31,0.5,2.03,1039.03,1.08,0.29,2.21,2.34,1248.99,0.98,47.79,12.98,39.23,45.53,9.7,44.77,4.56,73.48,8.74,0,10.78,4.94,63.63,0.61,0,26.16,0.42,0.39,8.3,7.58,8.745016216,0.974842025,15.56,0.82,14.69,2.81,2.81,55.83,54.36,1,0.72,103.9,124.9,3,864.008
24126251,0.011598786,26.62,14.97,789.49,513.71,1246.7,0.02,3.639,223.7,29.21,1172.46,513.71,1913.16,0.035901,141.5,1.16,541,543.57,537.64,460.39,634.2,1383.14,0.847745191,0.332858568,6.99,4.82,0.34,0.85,2.01,226.15,1.31,0.34,0.78,1.46,564.62,1.27,47.5,23.16,29.34,47.79,21.54,30.68,6.87,21.06,0.14,6.92,60.89,3.86,64.37,0.59,1.06,21.89,0.22,0.27,32.2,25.69,30.68933869,4.615985298,23.9,1.13,29.62,2.55,2.55,45.04,55.16,1,0.87,22.62,56.46,4,802.199
24126315,0.026671977,1.57,2.52,493.02,464.44,518.63,0.02,2.343,203.77,24.73,1262.54,464.44,1930.03,0.036155,170.1,1.25,541,545.06,602.47,462.02,245.38,1289.7,2.455253077,0.35823835,8.23,0,0.35,1,5.49,75.2,1.39,0.34,0.83,1.34,566.1,1.28,44.56,14.72,40.72,47.76,22.02,30.22,8.37,9.4,2.63,77.3,2.29,2.74,59.56,0.53,1.59,31.26,0.34,0.25,30,48.8,109.780426,3.526815797,23,1.1,27.82,2.47,2.47,42,51.98,1,0.94,7.52,56.61,4,784.24
24126327,0.037488462,5.29,28.96,856.3,619.25,1173.26,0.02,2.14,199.24,25.19,1278.49,619.25,1930.03,0.037313,161.34,1.05,541,545.15,549.87,459.21,507.39,1312.22,1.08372258,0.349948941,7.39,4.87,0.35,0.7,1.11,160.22,1.3,0.34,0.83,1.29,576.81,1.27,47.59,24.16,28.25,47.8,22.05,30.15,0,53.6,1.96,1.14,42.98,2.6,60.83,0.53,0.14,31.49,0.2,0.25,42.04,48.78,33.70018854,1.326443697,22.82,1.09,27.46,2.49,2.49,41.2,52.21,1,0.93,16.02,57.68,4,792.994
24126327,0.037282282,5.29,28.96,856.3,619.25,1173.26,0.02,2.14,199.24,25.19,1278.49,619.25,1930.03,0.037313,161.34,1.05,541,545.15,549.87,459.21,507.39,1312.22,1.08372258,0.349948941,7.39,4.87,0.35,0.7,1.11,160.22,1.3,0.34,0.83,1.29,576.81,1.27,47.59,24.16,28.25,47.8,22.05,30.15,0,53.6,1.96,1.14,42.98,2.6,60.83,0.53,0.14,31.49,0.2,0.25,42.04,48.78,33.70018854,1.326443697,22.82,1.09,27.46,2.49,2.49,41.2,52.21,1,0.93,16.02,57.68,4,792.994
24126327,0.041866094,5.29,28.96,856.3,619.25,1173.26,0.02,2.14,199.24,25.19,1278.49,619.25,1930.03,0.037313,161.34,1.05,541,545.15,549.87,459.21,507.39,1312.22,1.08372258,0.349948941,7.39,4.87,0.35,0.7,1.11,160.22,1.3,0.34,0.83,1.29,576.81,1.27,47.59,24.16,28.25,47.8,22.05,30.15,0,53.6,1.96,1.14,42.98,2.6,60.83,0.53,0.14,31.49,0.2,0.25,42.04,48.78,33.70018854,1.326443697,22.82,1.09,27.46,2.49,2.49,41.2,52.21,1,0.93,16.02,57.68,4,792.994
24126427,0.013984144,4.45,15.41,853.84,723.91,1176.85,0.01,1.822,68.36,14.48,961.13,723.91,1259.6,0.01788,54.81,1.08,541,541,554.97,543,496.16,604.83,1.118530313,0.897772928,7.49,7.26,0.4,0.96,0.72,177.7,1.35,0.36,0.78,0.97,199.87,1.32,44.07,29.76,26.17,46.31,26,27.69,0,9.86,0,0,90.14,0,22.03,0,0,77.74,0.14,0.15,74.78,60.21,17.22651653,4.732101936,14.9,0.8,13.68,2.45,2.45,41.2,41.7,1,1,17.77,19.99,3,772.734
24126427,0.019935771,4.45,15.41,853.84,723.91,1176.85,0.01,1.822,68.36,14.48,961.13,723.91,1259.6,0.01788,54.81,1.08,541,541,554.97,543,496.16,604.83,1.118530313,0.897772928,7.49,7.26,0.4,0.96,0.72,177.7,1.35,0.36,0.78,0.97,199.87,1.32,44.07,29.76,26.17,46.31,26,27.69,0,9.86,0,0,90.14,0,22.03,0,0,77.74,0.14,0.15,74.78,60.21,17.22651653,4.732101936,14.9,0.8,13.68,2.45,2.45,41.2,41.7,1,1,17.77,19.99,3,772.734
24126487,0.02955698,0.21,10.98,624.08,594.03,758.46,0.02,0.375,253.74,22.12,1066.51,594.03,1858.21,0.040533,254.36,1.01,541,547.54,552.83,508.7,358.36,740.8,1.542666592,0.686690065,7.2,6.33,0.34,0.47,1,174,1.31,0.34,0.64,1.16,306.12,1.28,45.01,24.3,30.69,47.44,22.48,30.08,0,7.39,14.78,31.74,46.09,0.81,36.45,0.29,2.26,59.21,0.19,0.21,50,71.48,60.61109543,16.84268713,25.13,1.17,32.15,2.46,2.46,43,45.12,0,0.93,17.4,30.61,4,759.924
24126487,0.058040598,0.21,10.98,624.08,594.03,758.46,0.02,0.375,253.74,22.12,1066.51,594.03,1858.21,0.040533,254.36,1.01,541,547.54,552.83,508.7,358.36,740.8,1.542666592,0.686690065,7.2,6.33,0.34,0.47,1,174,1.31,0.34,0.64,1.16,306.12,1.28,45.01,24.3,30.69,47.44,22.48,30.08,0,7.39,14.78,31.74,46.09,0.81,36.45,0.29,2.26,59.21,0.19,0.21,50,71.48,60.61109543,16.84268713,25.13,1.17,32.15,2.46,2.46,43,45.12,0,0.93,17.4,30.61,4,759.924
24126487,0.050829234,0.21,10.98,624.08,594.03,758.46,0.02,0.375,253.74,22.12,1066.51,594.03,1858.21,0.040533,254.36,1.01,541,547.54,552.83,508.7,358.36,740.8,1.542666592,0.686690065,7.2,6.33,0.34,0.47,1,174,1.31,0.34,0.64,1.16,306.12,1.28,45.01,24.3,30.69,47.44,22.48,30.08,0,7.39,14.78,31.74,46.09,0.81,36.45,0.29,2.26,59.21,0.19,0.21,50,71.48,60.61109543,16.84268713,25.13,1.17,32.15,2.46,2.46,43,45.12,0,0.93,17.4,30.61,4,759.924
24126487,0.047051967,0.21,10.98,624.08,594.03,758.46,0.02,0.375,253.74,22.12,1066.51,594.03,1858.21,0.040533,254.36,1.01,541,547.54,552.83,508.7,358.36,740.8,1.542666592,0.686690065,7.2,6.33,0.34,0.47,1,174,1.31,0.34,0.64,1.16,306.12,1.28,45.01,24.3,30.69,47.44,22.48,30.08,0,7.39,14.78,31.74,46.09,0.81,36.45,0.29,2.26,59.21,0.19,0.21,50,71.48,60.61109543,16.84268713,25.13,1.17,32.15,2.46,2.46,43,45.12,0,0.93,17.4,30.61,4,759.924
24126487,0.051858314,0.21,10.98,624.08,594.03,758.46,0.02,0.375,253.74,22.12,1066.51,594.03,1858.21,0.040533,254.36,1.01,541,547.54,552.83,508.7,358.36,740.8,1.542666592,0.686690065,7.2,6.33,0.34,0.47,1,174,1.31,0.34,0.64,1.16,306.12,1.28,45.01,24.3,30.69,47.44,22.48,30.08,0,7.39,14.78,31.74,46.09,0.81,36.45,0.29,2.26,59.21,0.19,0.21,50,71.48,60.61109543,16.84268713,25.13,1.17,32.15,2.46,2.46,43,45.12,0,0.93,17.4,30.61,4,759.924
24126487,0.060944795,0.21,10.98,624.08,594.03,758.46,0.02,0.375,253.74,22.12,1066.51,594.03,1858.21,0.040533,254.36,1.01,541,547.54,552.83,508.7,358.36,740.8,1.542666592,0.686690065,7.2,6.33,0.34,0.47,1,174,1.31,0.34,0.64,1.16,306.12,1.28,45.01,24.3,30.69,47.44,22.48,30.08,0,7.39,14.78,31.74,46.09,0.81,36.45,0.29,2.26,59.21,0.19,0.21,50,71.48,60.61109543,16.84268713,25.13,1.17,32.15,2.46,2.46,43,45.12,0,0.93,17.4,30.61,4,759.924
24126823,0.018804333,11.55,37.88,1134.84,658.35,1683.58,0.07,8.132,16.38,38.47,1226.49,658.35,1728.31,0.031579,12.35,1.09,541,541,481.15,473.96,1866.99,1984.19,0.257714289,0.238868254,5.43,5.15,0.31,0.48,2.15,1063.7,1.12,0.31,0.71,2.17,1101.8,1.12,46.57,12.62,40.8,47.25,12.18,40.56,3.73,79.36,2.43,0,9.61,2.62,81.12,1.74,0,9.26,0.33,0.33,12.1,10.59,23.44642834,16.61747249,8.42,0.52,5.39,2.75,2.75,54.48,55.22,0.61,0.43,106.37,110.18,2,858.957
24126823,0.017165202,11.55,37.88,1134.84,658.35,1683.58,0.07,8.132,16.38,38.47,1226.49,658.35,1728.31,0.031579,12.35,1.09,541,541,481.15,473.96,1866.99,1984.19,0.257714289,0.238868254,5.43,5.15,0.31,0.48,2.15,1063.7,1.12,0.31,0.71,2.17,1101.8,1.12,46.57,12.62,40.8,47.25,12.18,40.56,3.73,79.36,2.43,0,9.61,2.62,81.12,1.74,0,9.26,0.33,0.33,12.1,10.59,23.44642834,16.61747249,8.42,0.52,5.39,2.75,2.75,54.48,55.22,0.61,0.43,106.37,110.18,2,858.957
24126823,0.018263151,11.55,37.88,1134.84,658.35,1683.58,0.07,8.132,16.38,38.47,1226.49,658.35,1728.31,0.031579,12.35,1.09,541,541,481.15,473.96,1866.99,1984.19,0.257714289,0.238868254,5.43,5.15,0.31,0.48,2.15,1063.7,1.12,0.31,0.71,2.17,1101.8,1.12,46.57,12.62,40.8,47.25,12.18,40.56,3.73,79.36,2.43,0,9.61,2.62,81.12,1.74,0,9.26,0.33,0.33,12.1,10.59,23.44642834,16.61747249,8.42,0.52,5.39,2.75,2.75,54.48,55.22,0.61,0.43,106.37,110.18,2,858.957
24126823,0.035918404,11.55,37.88,1134.84,658.35,1683.58,0.07,8.132,16.38,38.47,1226.49,658.35,1728.31,0.031579,12.35,1.09,541,541,481.15,473.96,1866.99,1984.19,0.257714289,0.238868254,5.43,5.15,0.31,0.48,2.15,1063.7,1.12,0.31,0.71,2.17,1101.8,1.12,46.57,12.62,40.8,47.25,12.18,40.56,3.73,79.36,2.43,0,9.61,2.62,81.12,1.74,0,9.26,0.33,0.33,12.1,10.59,23.44642834,16.61747249,8.42,0.52,5.39,2.75,2.75,54.48,55.22,0.61,0.43,106.37,110.18,2,858.957
24126823,0.037304797,11.55,37.88,1134.84,658.35,1683.58,0.07,8.132,16.38,38.47,1226.49,658.35,1728.31,0.031579,12.35,1.09,541,541,481.15,473.96,1866.99,1984.19,0.257714289,0.238868254,5.43,5.15,0.31,0.48,2.15,1063.7,1.12,0.31,0.71,2.17,1101.8,1.12,46.57,12.62,40.8,47.25,12.18,40.56,3.73,79.36,2.43,0,9.61,2.62,81.12,1.74,0,9.26,0.33,0.33,12.1,10.59,23.44642834,16.61747249,8.42,0.52,5.39,2.75,2.75,54.48,55.22,0.61,0.43,106.37,110.18,2,858.957
24126823,0.031897595,11.55,37.88,1134.84,658.35,1683.58,0.07,8.132,16.38,38.47,1226.49,658.35,1728.31,0.031579,12.35,1.09,541,541,481.15,473.96,1866.99,1984.19,0.257714289,0.238868254,5.43,5.15,0.31,0.48,2.15,1063.7,1.12,0.31,0.71,2.17,1101.8,1.12,46.57,12.62,40.8,47.25,12.18,40.56,3.73,79.36,2.43,0,9.61,2.62,81.12,1.74,0,9.26,0.33,0.33,12.1,10.59,23.44642834,16.61747249,8.42,0.52,5.39,2.75,2.75,54.48,55.22,0.61,0.43,106.37,110.18,2,858.957
24126823,0.020702839,11.55,37.88,1134.84,658.35,1683.58,0.07,8.132,16.38,38.47,1226.49,658.35,1728.31,0.031579,12.35,1.09,541,541,481.15,473.96,1866.99,1984.19,0.257714289,0.238868254,5.43,5.15,0.31,0.48,2.15,1063.7,1.12,0.31,0.71,2.17,1101.8,1.12,46.57,12.62,40.8,47.25,12.18,40.56,3.73,79.36,2.43,0,9.61,2.62,81.12,1.74,0,9.26,0.33,0.33,12.1,10.59,23.44642834,16.61747249,8.42,0.52,5.39,2.75,2.75,54.48,55.22,0.61,0.43,106.37,110.18,2,858.957
24126823,0.019256626,11.55,37.88,1134.84,658.35,1683.58,0.07,8.132,16.38,38.47,1226.49,658.35,1728.31,0.031579,12.35,1.09,541,541,481.15,473.96,1866.99,1984.19,0.257714289,0.238868254,5.43,5.15,0.31,0.48,2.15,1063.7,1.12,0.31,0.71,2.17,1101.8,1.12,46.57,12.62,40.8,47.25,12.18,40.56,3.73,79.36,2.43,0,9.61,2.62,81.12,1.74,0,9.26,0.33,0.33,12.1,10.59,23.44642834,16.61747249,8.42,0.52,5.39,2.75,2.75,54.48,55.22,0.61,0.43,106.37,110.18,2,858.957
24126823,0.018941655,11.55,37.88,1134.84,658.35,1683.58,0.07,8.132,16.38,38.47,1226.49,658.35,1728.31,0.031579,12.35,1.09,541,541,481.15,473.96,1866.99,1984.19,0.257714289,0.238868254,5.43,5.15,0.31,0.48,2.15,1063.7,1.12,0.31,0.71,2.17,1101.8,1.12,46.57,12.62,40.8,47.25,12.18,40.56,3.73,79.36,2.43,0,9.61,2.62,81.12,1.74,0,9.26,0.33,0.33,12.1,10.59,23.44642834,16.61747249,8.42,0.52,5.39,2.75,2.75,54.48,55.22,0.61,0.43,106.37,110.18,2,858.957
24131037,0.016283865,0.09,19.87,566.58,534.81,650.63,0,0.146,258.34,30.93,1108.03,533.64,1932.96,0.041864,192.29,1,541,543.92,572.01,478.17,451.31,813.14,1.267443664,0.588053718,7.67,4.97,0.29,1.11,9.76,182,1.4,0.35,0.72,1.34,311.45,1.3,46.8,6.63,46.58,46.65,20.48,32.86,22.11,0,0,0,77.89,5.6,68.8,1.01,1.2,17.24,0.15,0.23,82,22.65,109.780426,16.71305763,25.32,1.18,32.53,2.51,2.51,47,60.67,1,0.6,18.2,31.15,4,808.442
24131037,0.01835436,0.09,19.87,566.58,534.81,650.63,0,0.146,258.34,30.93,1108.03,533.64,1932.96,0.041864,192.29,1,541,543.92,572.01,478.17,451.31,813.14,1.267443664,0.588053718,7.67,4.97,0.29,1.11,9.76,182,1.4,0.35,0.72,1.34,311.45,1.3,46.8,6.63,46.58,46.65,20.48,32.86,22.11,0,0,0,77.89,5.6,68.8,1.01,1.2,17.24,0.15,0.23,82,22.65,109.780426,16.71305763,25.32,1.18,32.53,2.51,2.51,47,60.67,1,0.6,18.2,31.15,4,808.442
24131037,0.01641136,0.09,19.87,566.58,534.81,650.63,0,0.146,258.34,30.93,1108.03,533.64,1932.96,0.041864,192.29,1,541,543.92,572.01,478.17,451.31,813.14,1.267443664,0.588053718,7.67,4.97,0.29,1.11,9.76,182,1.4,0.35,0.72,1.34,311.45,1.3,46.8,6.63,46.58,46.65,20.48,32.86,22.11,0,0,0,77.89,5.6,68.8,1.01,1.2,17.24,0.15,0.23,82,22.65,109.780426,16.71305763,25.32,1.18,32.53,2.51,2.51,47,60.67,1,0.6,18.2,31.15,4,808.442
24131041,0.056040233,0.05,18.55,558.47,537.53,602.47,0,0.159,1958.26,35.85,1104.16,530.12,2421.81,0.055554,1468.85,1,541,547.82,571,463.77,446.46,1687.69,1.278949962,0.274795727,7.6,4.71,0.3,1.11,9.76,182,1.4,0.31,1.16,2.25,1037.54,1.14,46.8,6.63,46.58,46.07,13.78,40.15,22.41,18.97,0,0,44.83,3.96,60.6,1.58,1.71,19.07,0.18,0.3,82,19.37,105.5416906,14.17741984,56.8,2.14,121.85,2.51,2.51,47,58.14,1,1.57,18.2,103.75,6,808.421
24131041,0.027138703,0.05,18.55,558.47,537.53,602.47,0,0.159,1958.26,35.85,1104.16,530.12,2421.81,0.055554,1468.85,1,541,547.82,571,463.77,446.46,1687.69,1.278949962,0.274795727,7.6,4.71,0.3,1.11,9.76,182,1.4,0.31,1.16,2.25,1037.54,1.14,46.8,6.63,46.58,46.07,13.78,40.15,22.41,18.97,0,0,44.83,3.96,60.6,1.58,1.71,19.07,0.18,0.3,82,19.37,105.5416906,14.17741984,56.8,2.14,121.85,2.51,2.51,47,58.14,1,1.57,18.2,103.75,6,808.421
24131041,0.019392329,0.05,18.55,558.47,537.53,602.47,0,0.159,1958.26,35.85,1104.16,530.12,2421.81,0.055554,1468.85,1,541,547.82,571,463.77,446.46,1687.69,1.278949962,0.274795727,7.6,4.71,0.3,1.11,9.76,182,1.4,0.31,1.16,2.25,1037.54,1.14,46.8,6.63,46.58,46.07,13.78,40.15,22.41,18.97,0,0,44.83,3.96,60.6,1.58,1.71,19.07,0.18,0.3,82,19.37,105.5416906,14.17741984,56.8,2.14,121.85,2.51,2.51,47,58.14,1,1.57,18.2,103.75,6,808.421
24131041,0.075497473,0.05,18.55,558.47,537.53,602.47,0,0.159,1958.26,35.85,1104.16,530.12,2421.81,0.055554,1468.85,1,541,547.82,571,463.77,446.46,1687.69,1.278949962,0.274795727,7.6,4.71,0.3,1.11,9.76,182,1.4,0.31,1.16,2.25,1037.54,1.14,46.8,6.63,46.58,46.07,13.78,40.15,22.41,18.97,0,0,44.83,3.96,60.6,1.58,1.71,19.07,0.18,0.3,82,19.37,105.5416906,14.17741984,56.8,2.14,121.85,2.51,2.51,47,58.14,1,1.57,18.2,103.75,6,808.421
24131135,0.02333086,0.21,1.31,531.49,512.98,557.91,0.01,0.142,227.12,23.51,1436.08,512.98,2086.73,0.046612,184.93,1,541,544.07,609.51,437.66,242.65,849.33,2.511889553,0.515300296,8.22,3.69,0.32,1.36,3.97,61.83,1.38,0.35,0.99,1.59,263.73,1.23,43.97,18.35,37.68,48.67,17.24,34.09,19.58,0,0,77.87,2.55,4.02,54.56,0.74,2.62,27.51,0.45,0.26,51.51,33.16,109.780426,3.140194131,21.88,1.02,25.77,2.39,2.39,42,61.91,1,0.13,6.18,26.37,4,788.738
24131135,0.022275693,0.21,1.31,531.49,512.98,557.91,0.01,0.142,227.12,23.51,1436.08,512.98,2086.73,0.046612,184.93,1,541,544.07,609.51,437.66,242.65,849.33,2.511889553,0.515300296,8.22,3.69,0.32,1.36,3.97,61.83,1.38,0.35,0.99,1.59,263.73,1.23,43.97,18.35,37.68,48.67,17.24,34.09,19.58,0,0,77.87,2.55,4.02,54.56,0.74,2.62,27.51,0.45,0.26,51.51,33.16,109.780426,3.140194131,21.88,1.02,25.77,2.39,2.39,42,61.91,1,0.13,6.18,26.37,4,788.738
24131135,0.022275749,0.21,1.31,531.49,512.98,557.91,0.01,0.142,227.12,23.51,1436.08,512.98,2086.73,0.046612,184.93,1,541,544.07,609.51,437.66,242.65,849.33,2.511889553,0.515300296,8.22,3.69,0.32,1.36,3.97,61.83,1.38,0.35,0.99,1.59,263.73,1.23,43.97,18.35,37.68,48.67,17.24,34.09,19.58,0,0,77.87,2.55,4.02,54.56,0.74,2.62,27.51,0.45,0.26,51.51,33.16,109.780426,3.140194131,21.88,1.02,25.77,2.39,2.39,42,61.91,1,0.13,6.18,26.37,4,788.738
24423233,0.014948799,7.52,25.25,669.19,487.52,999.71,0.01,3.66,767.52,32.36,1342.58,487.52,2488.35,0.065977,598.69,1.13,1030,1027.98,573.37,465.61,376.67,1052.72,1.522207768,0.442292347,7.72,5.07,0.35,0.71,1.87,182.73,1.32,0.34,1.09,1.82,606.37,1.19,44.14,25.34,30.64,46.38,18.91,34.71,6.13,5.82,4.79,2.01,75.5,2.95,68.4,1.73,0.02,17.58,0.18,0.25,87.39,31.84,5.455675015,1.860660422,39.09,1.62,66.16,2.46,2.46,42.09,54.79,1,0.81,18.27,60.64,5,752.606
24423233,0.027166295,7.52,25.25,669.19,487.52,999.71,0.01,3.66,767.52,32.36,1342.58,487.52,2488.35,0.065977,598.69,1.13,1030,1027.98,573.37,465.61,376.67,1052.72,1.522207768,0.442292347,7.72,5.07,0.35,0.71,1.87,182.73,1.32,0.34,1.09,1.82,606.37,1.19,44.14,25.34,30.64,46.38,18.91,34.71,6.13,5.82,4.79,2.01,75.5,2.95,68.4,1.73,0.02,17.58,0.18,0.25,87.39,31.84,5.455675015,1.860660422,39.09,1.62,66.16,2.46,2.46,42.09,54.79,1,0.81,18.27,60.64,5,752.606
24423233,0.023498708,7.52,25.25,669.19,487.52,999.71,0.01,3.66,767.52,32.36,1342.58,487.52,2488.35,0.065977,598.69,1.13,1030,1027.98,573.37,465.61,376.67,1052.72,1.522207768,0.442292347,7.72,5.07,0.35,0.71,1.87,182.73,1.32,0.34,1.09,1.82,606.37,1.19,44.14,25.34,30.64,46.38,18.91,34.71,6.13,5.82,4.79,2.01,75.5,2.95,68.4,1.73,0.02,17.58,0.18,0.25,87.39,31.84,5.455675015,1.860660422,39.09,1.62,66.16,2.46,2.46,42.09,54.79,1,0.81,18.27,60.64,5,752.606
24423479,0.051177095,23.77,12.88,512.07,359.12,848.48,0.01,10.651,309.8,17.91,948.58,359.12,2029.95,0.032585,223.11,1.34,1024.39,1020.13,637.14,554.64,310.74,528.08,2.050395829,1.05029541,9.25,7.42,0.36,0.74,1.63,57.08,1.3,0.35,0.82,1.37,192.87,1.31,49.42,21.17,29.4,46.91,24.65,28.43,6.69,1.77,0.73,45.21,45.17,3.8,17.23,0.31,18.76,56.99,0.28,0.25,405.17,130.69,39.99296482,20.2776236,23.96,1.08,29.9,2.36,2.36,35.32,40.29,0.4,0.96,5.71,19.29,4,729.236
24423479,0.042882072,23.77,12.88,512.07,359.12,848.48,0.01,10.651,309.8,17.91,948.58,359.12,2029.95,0.032585,223.11,1.34,1024.39,1020.13,637.14,554.64,310.74,528.08,2.050395829,1.05029541,9.25,7.42,0.36,0.74,1.63,57.08,1.3,0.35,0.82,1.37,192.87,1.31,49.42,21.17,29.4,46.91,24.65,28.43,6.69,1.77,0.73,45.21,45.17,3.8,17.23,0.31,18.76,56.99,0.28,0.25,405.17,130.69,39.99296482,20.2776236,23.96,1.08,29.9,2.36,2.36,35.32,40.29,0.4,0.96,5.71,19.29,4,729.236
24423479,0.018093423,23.77,12.88,512.07,359.12,848.48,0.01,10.651,309.8,17.91,948.58,359.12,2029.95,0.032585,223.11,1.34,1024.39,1020.13,637.14,554.64,310.74,528.08,2.050395829,1.05029541,9.25,7.42,0.36,0.74,1.63,57.08,1.3,0.35,0.82,1.37,192.87,1.31,49.42,21.17,29.4,46.91,24.65,28.43,6.69,1.77,0.73,45.21,45.17,3.8,17.23,0.31,18.76,56.99,0.28,0.25,405.17,130.69,39.99296482,20.2776236,23.96,1.08,29.9,2.36,2.36,35.32,40.29,0.4,0.96,5.71,19.29,4,729.236
24423479,0.04491515,23.77,12.88,512.07,359.12,848.48,0.01,10.651,309.8,17.91,948.58,359.12,2029.95,0.032585,223.11,1.34,1024.39,1020.13,637.14,554.64,310.74,528.08,2.050395829,1.05029541,9.25,7.42,0.36,0.74,1.63,57.08,1.3,0.35,0.82,1.37,192.87,1.31,49.42,21.17,29.4,46.91,24.65,28.43,6.69,1.77,0.73,45.21,45.17,3.8,17.23,0.31,18.76,56.99,0.28,0.25,405.17,130.69,39.99296482,20.2776236,23.96,1.08,29.9,2.36,2.36,35.32,40.29,0.4,0.96,5.71,19.29,4,729.236
24423517,0.024605564,8.49,16.25,696.17,565.08,889.68,0.02,4.7,150.46,25.09,1192.51,565.08,2029.95,0.043475,132.03,1.05,1030,1011.09,587.11,513.26,401.66,662.26,1.461708908,0.775012835,8.27,6.45,0.36,0.99,1,120.03,1.28,0.35,0.83,0.92,267.99,1.31,50.49,24.58,24.93,45.28,27.01,27.72,1.52,2.09,1.41,6.07,87.5,2.13,31.27,0.37,0.34,61.25,0.16,0.22,52.15,68.61,19.52478478,3.004778307,20.4,1,22.86,2.45,2.45,39.14,42.13,1,1,12,26.8,4,746.458